MatchID,Date,Opponent,Venue,Weather,PitchCondition,Result,TeamID
1,2019-08-01,Opp-10,Home,Cloudy,Good,D,1
2,2019-08-08,Opp-6,Home,Clear,Good,D,1
3,2019-08-15,Opp-5,Away,Clear,Good,W,1
4,2019-08-22,Opp-1,Away,Cloudy,Good,W,1
5,2019-08-29,Opp-10,Away,Rain,Good,D,1
6,2019-09-05,Opp-8,Away,Rain,Average,W,1
7,2019-09-12,Opp-3,Home,Cloudy,Average,D,1
8,2019-09-19,Opp-2,Home,Cloudy,Good,L,1
9,2019-09-26,Opp-7,Home,Cloudy,Good,D,1
10,2019-10-03,Opp-4,Home,Cloudy,Good,W,1
11,2019-10-10,Opp-7,Home,Hot,Good,W,1
12,2019-10-17,Opp-10,Away,Cloudy,Good,W,1
13,2019-10-24,Opp-1,Home,Rain,Good,L,1
14,2019-10-31,Opp-8,Away,Cloudy,Average,W,1
15,2019-11-07,Opp-5,Home,Cold,Good,W,1
16,2019-11-14,Opp-10,Home,Clear,Good,W,1
17,2019-11-21,Opp-2,Home,Clear,Good,W,1
18,2019-11-28,Opp-10,Home,Cold,Good,L,1
19,2019-12-05,Opp-4,Away,Cloudy,Good,D,1
20,2019-12-12,Opp-4,Home,Cold,Average,L,1
21,2019-12-19,Opp-9,Away,Cloudy,Average,L,1
22,2019-12-26,Opp-3,Home,Rain,Average,W,1
23,2020-01-02,Opp-5,Home,Clear,Poor,D,1
24,2020-01-09,Opp-3,Home,Cloudy,Poor,W,1
25,2020-01-16,Opp-2,Home,Cloudy,Poor,L,1
26,2020-01-23,Opp-8,Home,Rain,Good,L,1
27,2020-01-30,Opp-8,Home,Cloudy,Good,W,1
28,2020-02-06,Opp-5,Away,Clear,Good,W,1
29,2020-02-13,Opp-6,Away,Clear,Average,W,1
30,2020-02-20,Opp-10,Away,Clear,Good,L,1
31,2020-02-27,Opp-4,Away,Cloudy,Good,W,1
32,2020-03-05,Opp-1,Away,Cloudy,Average,L,1
33,2020-03-12,Opp-3,Away,Hot,Poor,W,1
34,2020-03-19,Opp-3,Away,Cloudy,Average,D,1
35,2020-03-26,Opp-9,Home,Clear,Average,W,1
36,2020-04-02,Opp-8,Home,Hot,Good,D,1
37,2020-04-09,Opp-7,Home,Cloudy,Average,L,1
38,2020-04-16,Opp-6,Away,Cloudy,Average,L,1
39,2019-08-01,Opp-9,Home,Clear,Poor,W,2
40,2019-08-08,Opp-3,Home,Cold,Good,W,2
41,2019-08-15,Opp-3,Away,Rain,Average,W,2
42,2019-08-22,Opp-8,Away,Rain,Average,L,2
43,2019-08-29,Opp-3,Away,Clear,Good,W,2
44,2019-09-05,Opp-4,Home,Clear,Good,W,2
45,2019-09-12,Opp-2,Home,Clear,Average,D,2
46,2019-09-19,Opp-1,Away,Rain,Average,W,2
47,2019-09-26,Opp-2,Away,Rain,Good,L,2
48,2019-10-03,Opp-3,Away,Hot,Good,L,2
49,2019-10-10,Opp-7,Home,Clear,Average,L,2
50,2019-10-17,Opp-5,Home,Cloudy,Average,W,2
51,2019-10-24,Opp-7,Away,Cloudy,Good,D,2
52,2019-10-31,Opp-4,Away,Cloudy,Good,W,2
53,2019-11-07,Opp-5,Away,Cloudy,Good,W,2
54,2019-11-14,Opp-7,Away,Cloudy,Good,L,2
55,2019-11-21,Opp-8,Away,Clear,Average,W,2
56,2019-11-28,Opp-1,Away,Clear,Good,L,2
57,2019-12-05,Opp-7,Away,Cloudy,Good,L,2
58,2019-12-12,Opp-9,Home,Clear,Average,W,2
59,2019-12-19,Opp-4,Away,Hot,Good,W,2
60,2019-12-26,Opp-8,Away,Clear,Average,D,2
61,2020-01-02,Opp-1,Away,Rain,Average,W,2
62,2020-01-09,Opp-5,Away,Rain,Poor,L,2
63,2020-01-16,Opp-1,Away,Hot,Good,D,2
64,2020-01-23,Opp-3,Away,Clear,Good,L,2
65,2020-01-30,Opp-9,Home,Clear,Average,L,2
66,2020-02-06,Opp-9,Home,Rain,Good,L,2
67,2020-02-13,Opp-2,Home,Rain,Good,L,2
68,2020-02-20,Opp-1,Away,Rain,Good,W,2
69,2020-02-27,Opp-8,Away,Rain,Good,D,2
70,2020-03-05,Opp-5,Away,Cloudy,Good,W,2
71,2020-03-12,Opp-3,Away,Rain,Average,D,2
72,2020-03-19,Opp-5,Away,Clear,Poor,L,2
73,2020-03-26,Opp-1,Home,Cloudy,Good,W,2
74,2020-04-02,Opp-1,Away,Clear,Average,L,2
75,2020-04-09,Opp-10,Away,Rain,Good,L,2
76,2020-04-16,Opp-1,Away,Cold,Good,W,2
77,2019-08-01,Opp-9,Home,Clear,Good,W,3
78,2019-08-08,Opp-1,Away,Clear,Average,D,3
79,2019-08-15,Opp-5,Away,Cold,Average,W,3
80,2019-08-22,Opp-8,Away,Rain,Good,W,3
81,2019-08-29,Opp-4,Away,Rain,Poor,D,3
82,2019-09-05,Opp-7,Away,Cloudy,Poor,W,3
83,2019-09-12,Opp-8,Away,Cloudy,Poor,W,3
84,2019-09-19,Opp-9,Home,Rain,Average,L,3
85,2019-09-26,Opp-9,Away,Cloudy,Good,L,3
86,2019-10-03,Opp-8,Away,Clear,Average,L,3
87,2019-10-10,Opp-4,Home,Rain,Good,W,3
88,2019-10-17,Opp-2,Away,Hot,Good,W,3
89,2019-10-24,Opp-8,Home,Cold,Good,W,3
90,2019-10-31,Opp-10,Away,Clear,Good,L,3
91,2019-11-07,Opp-2,Away,Clear,Good,D,3
92,2019-11-14,Opp-6,Home,Clear,Good,L,3
93,2019-11-21,Opp-2,Away,Clear,Poor,W,3
94,2019-11-28,Opp-3,Home,Cloudy,Poor,D,3
95,2019-12-05,Opp-5,Home,Cloudy,Good,D,3
96,2019-12-12,Opp-10,Home,Rain,Average,W,3
97,2019-12-19,Opp-1,Away,Cloudy,Poor,L,3
98,2019-12-26,Opp-10,Home,Rain,Good,D,3
99,2020-01-02,Opp-7,Away,Cold,Average,L,3
100,2020-01-09,Opp-9,Away,Rain,Good,D,3
101,2020-01-16,Opp-5,Home,Clear,Average,L,3
102,2020-01-23,Opp-6,Home,Clear,Good,D,3
103,2020-01-30,Opp-10,Away,Clear,Poor,L,3
104,2020-02-06,Opp-1,Home,Rain,Good,W,3
105,2020-02-13,Opp-5,Home,Clear,Good,W,3
106,2020-02-20,Opp-1,Away,Clear,Good,W,3
107,2020-02-27,Opp-4,Away,Hot,Average,L,3
108,2020-03-05,Opp-7,Away,Clear,Good,W,3
109,2020-03-12,Opp-1,Home,Rain,Good,W,3
110,2020-03-19,Opp-8,Away,Cloudy,Average,W,3
111,2020-03-26,Opp-7,Away,Hot,Average,W,3
112,2020-04-02,Opp-4,Away,Hot,Good,W,3
113,2020-04-09,Opp-8,Home,Clear,Average,W,3
114,2020-04-16,Opp-9,Home,Clear,Average,D,3
115,2019-08-01,Opp-8,Away,Clear,Average,L,4
116,2019-08-08,Opp-8,Away,Clear,Average,D,4
117,2019-08-15,Opp-8,Home,Hot,Good,D,4
118,2019-08-22,Opp-9,Home,Cloudy,Good,W,4
119,2019-08-29,Opp-10,Home,Clear,Good,W,4
120,2019-09-05,Opp-3,Home,Clear,Good,L,4
121,2019-09-12,Opp-4,Away,Rain,Good,W,4
122,2019-09-19,Opp-5,Away,Rain,Good,W,4
123,2019-09-26,Opp-6,Home,Clear,Average,D,4
124,2019-10-03,Opp-8,Away,Clear,Good,L,4
125,2019-10-10,Opp-2,Away,Cloudy,Poor,W,4
126,2019-10-17,Opp-9,Home,Hot,Average,W,4
127,2019-10-24,Opp-5,Home,Cloudy,Good,W,4
128,2019-10-31,Opp-9,Home,Clear,Good,W,4
129,2019-11-07,Opp-6,Away,Rain,Average,L,4
130,2019-11-14,Opp-1,Home,Clear,Good,W,4
131,2019-11-21,Opp-4,Away,Hot,Average,L,4
132,2019-11-28,Opp-7,Away,Clear,Good,D,4
133,2019-12-05,Opp-4,Home,Clear,Average,W,4
134,2019-12-12,Opp-10,Away,Rain,Good,D,4
135,2019-12-19,Opp-3,Away,Cloudy,Good,W,4
136,2019-12-26,Opp-5,Away,Hot,Good,L,4
137,2020-01-02,Opp-3,Away,Clear,Average,L,4
138,2020-01-09,Opp-4,Away,Clear,Average,D,4
139,2020-01-16,Opp-8,Home,Cloudy,Good,L,4
140,2020-01-23,Opp-3,Away,Clear,Good,W,4
141,2020-01-30,Opp-5,Home,Clear,Average,W,4
142,2020-02-06,Opp-9,Away,Cloudy,Good,W,4
143,2020-02-13,Opp-2,Home,Rain,Good,W,4
144,2020-02-20,Opp-7,Away,Cloudy,Average,D,4
145,2020-02-27,Opp-7,Home,Rain,Good,W,4
146,2020-03-05,Opp-2,Away,Hot,Good,D,4
147,2020-03-12,Opp-10,Home,Cold,Good,W,4
148,2020-03-19,Opp-5,Home,Cloudy,Good,D,4
149,2020-03-26,Opp-7,Home,Clear,Good,W,4
150,2020-04-02,Opp-8,Away,Cold,Average,W,4
151,2020-04-09,Opp-6,Home,Cloudy,Average,D,4
152,2020-04-16,Opp-3,Away,Clear,Good,L,4
153,2019-08-01,Opp-10,Home,Rain,Good,D,5
154,2019-08-08,Opp-2,Away,Hot,Good,W,5
155,2019-08-15,Opp-6,Away,Clear,Average,D,5
156,2019-08-22,Opp-9,Home,Cloudy,Good,L,5
157,2019-08-29,Opp-9,Home,Cold,Good,L,5
158,2019-09-05,Opp-10,Away,Clear,Average,D,5
159,2019-09-12,Opp-6,Home,Hot,Good,L,5
160,2019-09-19,Opp-4,Home,Rain,Good,D,5
161,2019-09-26,Opp-1,Away,Rain,Average,W,5
162,2019-10-03,Opp-7,Home,Hot,Average,W,5
163,2019-10-10,Opp-1,Home,Clear,Good,W,5
164,2019-10-17,Opp-2,Away,Cloudy,Average,W,5
165,2019-10-24,Opp-7,Away,Rain,Average,L,5
166,2019-10-31,Opp-8,Home,Cloudy,Average,L,5
167,2019-11-07,Opp-8,Home,Clear,Poor,D,5
168,2019-11-14,Opp-9,Home,Hot,Poor,L,5
169,2019-11-21,Opp-2,Away,Cloudy,Average,W,5
170,2019-11-28,Opp-6,Home,Cloudy,Average,L,5
171,2019-12-05,Opp-2,Away,Clear,Good,W,5
172,2019-12-12,Opp-4,Away,Cloudy,Good,W,5
173,2019-12-19,Opp-1,Away,Cloudy,Average,W,5
174,2019-12-26,Opp-6,Home,Cloudy,Average,L,5
175,2020-01-02,Opp-2,Away,Rain,Average,W,5
176,2020-01-09,Opp-5,Home,Hot,Good,D,5
177,2020-01-16,Opp-9,Home,Clear,Average,L,5
178,2020-01-23,Opp-7,Home,Rain,Average,D,5
179,2020-01-30,Opp-1,Away,Hot,Average,W,5
180,2020-02-06,Opp-9,Home,Rain,Good,D,5
181,2020-02-13,Opp-5,Away,Rain,Average,L,5
182,2020-02-20,Opp-9,Home,Clear,Good,W,5
183,2020-02-27,Opp-4,Home,Clear,Good,W,5
184,2020-03-05,Opp-2,Away,Rain,Good,D,5
185,2020-03-12,Opp-1,Home,Rain,Average,W,5
186,2020-03-19,Opp-3,Home,Cloudy,Average,W,5
187,2020-03-26,Opp-7,Home,Clear,Good,L,5
188,2020-04-02,Opp-8,Away,Cloudy,Good,W,5
189,2020-04-09,Opp-3,Away,Cloudy,Average,W,5
190,2020-04-16,Opp-2,Home,Hot,Average,D,5
191,2019-08-01,Opp-1,Home,Hot,Good,L,6
192,2019-08-08,Opp-1,Home,Clear,Average,W,6
193,2019-08-15,Opp-1,Away,Rain,Average,L,6
194,2019-08-22,Opp-3,Away,Cloudy,Average,W,6
195,2019-08-29,Opp-9,Away,Rain,Average,D,6
196,2019-09-05,Opp-6,Away,Cloudy,Good,L,6
197,2019-09-12,Opp-3,Away,Cloudy,Good,W,6
198,2019-09-19,Opp-9,Away,Hot,Good,W,6
199,2019-09-26,Opp-6,Home,Clear,Average,L,6
200,2019-10-03,Opp-4,Away,Clear,Good,L,6
201,2019-10-10,Opp-4,Away,Cloudy,Good,W,6
202,2019-10-17,Opp-6,Away,Cloudy,Average,W,6
203,2019-10-24,Opp-4,Home,Clear,Poor,W,6
204,2019-10-31,Opp-2,Away,Cloudy,Good,L,6
205,2019-11-07,Opp-8,Away,Clear,Average,D,6
206,2019-11-14,Opp-5,Away,Clear,Average,L,6
207,2019-11-21,Opp-3,Away,Cloudy,Average,W,6
208,2019-11-28,Opp-9,Home,Clear,Good,W,6
209,2019-12-05,Opp-3,Home,Rain,Average,D,6
210,2019-12-12,Opp-10,Home,Cloudy,Average,W,6
211,2019-12-19,Opp-8,Home,Clear,Good,W,6
212,2019-12-26,Opp-10,Away,Clear,Good,D,6
213,2020-01-02,Opp-3,Away,Rain,Average,W,6
214,2020-01-09,Opp-6,Away,Cloudy,Average,W,6
215,2020-01-16,Opp-5,Away,Clear,Good,W,6
216,2020-01-23,Opp-7,Away,Rain,Good,L,6
217,2020-01-30,Opp-8,Home,Rain,Good,W,6
218,2020-02-06,Opp-1,Home,Clear,Good,L,6
219,2020-02-13,Opp-5,Away,Hot,Average,W,6
220,2020-02-20,Opp-8,Home,Hot,Poor,L,6
221,2020-02-27,Opp-2,Away,Rain,Average,L,6
222,2020-03-05,Opp-4,Away,Hot,Average,D,6
223,2020-03-12,Opp-3,Away,Clear,Good,W,6
224,2020-03-19,Opp-1,Away,Hot,Average,W,6
225,2020-03-26,Opp-5,Home,Clear,Average,D,6
226,2020-04-02,Opp-4,Home,Rain,Average,D,6
227,2020-04-09,Opp-5,Away,Cloudy,Good,L,6
228,2020-04-16,Opp-3,Home,Rain,Good,W,6
229,2019-08-01,Opp-3,Away,Clear,Good,D,7
230,2019-08-08,Opp-5,Away,Cold,Average,L,7
231,2019-08-15,Opp-4,Away,Cloudy,Poor,L,7
232,2019-08-22,Opp-7,Away,Clear,Poor,D,7
233,2019-08-29,Opp-7,Away,Rain,Average,W,7
234,2019-09-05,Opp-3,Away,Rain,Good,W,7
235,2019-09-12,Opp-6,Home,Rain,Average,W,7
236,2019-09-19,Opp-4,Away,Clear,Good,D,7
237,2019-09-26,Opp-8,Away,Cold,Good,D,7
238,2019-10-03,Opp-2,Away,Clear,Poor,D,7
239,2019-10-10,Opp-8,Home,Cloudy,Average,W,7
240,2019-10-17,Opp-10,Home,Cloudy,Average,L,7
241,2019-10-24,Opp-7,Away,Cold,Average,W,7
242,2019-10-31,Opp-7,Home,Rain,Poor,W,7
243,2019-11-07,Opp-10,Away,Cloudy,Average,L,7
244,2019-11-14,Opp-5,Home,Clear,Good,L,7
245,2019-11-21,Opp-1,Away,Hot,Good,D,7
246,2019-11-28,Opp-2,Home,Clear,Good,D,7
247,2019-12-05,Opp-6,Away,Clear,Good,D,7
248,2019-12-12,Opp-5,Away,Cold,Good,W,7
249,2019-12-19,Opp-8,Home,Cloudy,Good,W,7
250,2019-12-26,Opp-10,Home,Clear,Average,W,7
251,2020-01-02,Opp-5,Home,Hot,Average,W,7
252,2020-01-09,Opp-8,Home,Clear,Good,W,7
253,2020-01-16,Opp-5,Home,Rain,Good,W,7
254,2020-01-23,Opp-7,Home,Cloudy,Good,L,7
255,2020-01-30,Opp-10,Home,Clear,Good,W,7
256,2020-02-06,Opp-2,Away,Rain,Average,W,7
257,2020-02-13,Opp-7,Away,Cold,Average,W,7
258,2020-02-20,Opp-5,Home,Rain,Good,D,7
259,2020-02-27,Opp-3,Away,Clear,Average,W,7
260,2020-03-05,Opp-7,Home,Rain,Good,W,7
261,2020-03-12,Opp-1,Away,Cloudy,Average,D,7
262,2020-03-19,Opp-6,Home,Cloudy,Good,D,7
263,2020-03-26,Opp-6,Home,Hot,Good,L,7
264,2020-04-02,Opp-3,Home,Rain,Good,L,7
265,2020-04-09,Opp-8,Away,Clear,Average,W,7
266,2020-04-16,Opp-10,Home,Clear,Good,L,7
267,2019-08-01,Opp-5,Home,Rain,Good,W,8
268,2019-08-08,Opp-10,Away,Cloudy,Average,D,8
269,2019-08-15,Opp-10,Away,Cloudy,Average,W,8
270,2019-08-22,Opp-1,Away,Clear,Good,W,8
271,2019-08-29,Opp-7,Home,Clear,Good,L,8
272,2019-09-05,Opp-7,Home,Rain,Average,D,8
273,2019-09-12,Opp-6,Home,Cloudy,Poor,L,8
274,2019-09-19,Opp-2,Home,Clear,Good,W,8
275,2019-09-26,Opp-8,Home,Rain,Good,L,8
276,2019-10-03,Opp-5,Home,Clear,Good,W,8
277,2019-10-10,Opp-6,Away,Rain,Average,W,8
278,2019-10-17,Opp-1,Away,Hot,Good,L,8
279,2019-10-24,Opp-1,Away,Clear,Good,D,8
280,2019-10-31,Opp-1,Home,Cloudy,Average,L,8
281,2019-11-07,Opp-8,Home,Clear,Good,L,8
282,2019-11-14,Opp-6,Home,Clear,Good,W,8
283,2019-11-21,Opp-5,Away,Rain,Poor,W,8
284,2019-11-28,Opp-1,Away,Clear,Good,D,8
285,2019-12-05,Opp-5,Away,Rain,Good,W,8
286,2019-12-12,Opp-10,Home,Rain,Good,W,8
287,2019-12-19,Opp-3,Home,Clear,Good,W,8
288,2019-12-26,Opp-1,Home,Cold,Good,L,8
289,2020-01-02,Opp-8,Home,Hot,Good,W,8
290,2020-01-09,Opp-8,Away,Clear,Poor,W,8
291,2020-01-16,Opp-2,Home,Clear,Good,L,8
292,2020-01-23,Opp-4,Away,Cloudy,Poor,L,8
293,2020-01-30,Opp-10,Away,Rain,Good,L,8
294,2020-02-06,Opp-10,Away,Hot,Good,L,8
295,2020-02-13,Opp-4,Home,Rain,Good,W,8
296,2020-02-20,Opp-3,Home,Cloudy,Average,W,8
297,2020-02-27,Opp-1,Home,Rain,Poor,W,8
298,2020-03-05,Opp-9,Home,Clear,Good,L,8
299,2020-03-12,Opp-7,Away,Hot,Average,D,8
300,2020-03-19,Opp-7,Away,Cloudy,Good,L,8
301,2020-03-26,Opp-8,Away,Rain,Good,D,8
302,2020-04-02,Opp-7,Home,Clear,Good,W,8
303,2020-04-09,Opp-2,Away,Clear,Average,D,8
304,2020-04-16,Opp-7,Home,Cloudy,Good,L,8
305,2019-08-01,Opp-6,Home,Rain,Good,L,9
306,2019-08-08,Opp-8,Home,Clear,Good,D,9
307,2019-08-15,Opp-7,Home,Cold,Good,W,9
308,2019-08-22,Opp-10,Home,Rain,Average,D,9
309,2019-08-29,Opp-8,Home,Clear,Good,W,9
310,2019-09-05,Opp-6,Home,Cloudy,Average,W,9
311,2019-09-12,Opp-8,Away,Rain,Good,D,9
312,2019-09-19,Opp-5,Home,Clear,Average,W,9
313,2019-09-26,Opp-7,Away,Clear,Good,W,9
314,2019-10-03,Opp-6,Away,Cloudy,Good,L,9
315,2019-10-10,Opp-7,Home,Clear,Average,L,9
316,2019-10-17,Opp-3,Home,Clear,Good,W,9
317,2019-10-24,Opp-8,Home,Cloudy,Average,L,9
318,2019-10-31,Opp-3,Home,Cloudy,Average,D,9
319,2019-11-07,Opp-4,Away,Clear,Poor,W,9
320,2019-11-14,Opp-10,Home,Hot,Good,W,9
321,2019-11-21,Opp-8,Away,Clear,Good,L,9
322,2019-11-28,Opp-7,Away,Hot,Average,D,9
323,2019-12-05,Opp-3,Home,Clear,Good,L,9
324,2019-12-12,Opp-7,Away,Rain,Good,L,9
325,2019-12-19,Opp-6,Away,Clear,Good,L,9
326,2019-12-26,Opp-6,Home,Rain,Good,D,9
327,2020-01-02,Opp-5,Away,Clear,Average,D,9
328,2020-01-09,Opp-10,Home,Cold,Poor,W,9
329,2020-01-16,Opp-9,Home,Hot,Average,W,9
330,2020-01-23,Opp-1,Home,Rain,Good,L,9
331,2020-01-30,Opp-3,Away,Clear,Good,W,9
332,2020-02-06,Opp-9,Home,Clear,Average,W,9
333,2020-02-13,Opp-4,Away,Cloudy,Good,W,9
334,2020-02-20,Opp-9,Away,Rain,Average,W,9
335,2020-02-27,Opp-9,Home,Clear,Good,W,9
336,2020-03-05,Opp-5,Away,Cold,Good,W,9
337,2020-03-12,Opp-2,Away,Cloudy,Good,W,9
338,2020-03-19,Opp-1,Home,Hot,Average,L,9
339,2020-03-26,Opp-9,Away,Clear,Good,D,9
340,2020-04-02,Opp-4,Away,Cloudy,Good,L,9
341,2020-04-09,Opp-8,Away,Clear,Good,W,9
342,2020-04-16,Opp-1,Home,Clear,Good,W,9
343,2019-08-01,Opp-10,Home,Cloudy,Good,L,10
344,2019-08-08,Opp-7,Home,Rain,Good,D,10
345,2019-08-15,Opp-5,Away,Cloudy,Average,D,10
346,2019-08-22,Opp-10,Home,Clear,Poor,D,10
347,2019-08-29,Opp-9,Home,Clear,Good,D,10
348,2019-09-05,Opp-5,Away,Cloudy,Good,L,10
349,2019-09-12,Opp-6,Home,Hot,Average,W,10
350,2019-09-19,Opp-7,Home,Cloudy,Average,L,10
351,2019-09-26,Opp-4,Away,Rain,Good,W,10
352,2019-10-03,Opp-5,Home,Clear,Poor,W,10
353,2019-10-10,Opp-9,Home,Cold,Poor,L,10
354,2019-10-17,Opp-3,Away,Hot,Good,D,10
355,2019-10-24,Opp-2,Home,Cloudy,Average,D,10
356,2019-10-31,Opp-7,Away,Rain,Average,D,10
357,2019-11-07,Opp-4,Away,Cloudy,Good,D,10
358,2019-11-14,Opp-1,Away,Rain,Average,D,10
359,2019-11-21,Opp-4,Home,Clear,Poor,D,10
360,2019-11-28,Opp-3,Home,Rain,Good,D,10
361,2019-12-05,Opp-2,Away,Cloudy,Good,L,10
362,2019-12-12,Opp-10,Away,Clear,Average,L,10
363,2019-12-19,Opp-10,Home,Rain,Good,W,10
364,2019-12-26,Opp-2,Home,Rain,Good,D,10
365,2020-01-02,Opp-2,Home,Clear,Good,D,10
366,2020-01-09,Opp-9,Home,Clear,Average,W,10
367,2020-01-16,Opp-4,Home,Clear,Average,L,10
368,2020-01-23,Opp-5,Away,Cloudy,Good,W,10
369,2020-01-30,Opp-5,Away,Clear,Poor,W,10
370,2020-02-06,Opp-8,Away,Cold,Average,L,10
371,2020-02-13,Opp-4,Away,Clear,Average,D,10
372,2020-02-20,Opp-6,Home,Clear,Good,W,10
373,2020-02-27,Opp-4,Home,Clear,Good,W,10
374,2020-03-05,Opp-1,Away,Cloudy,Good,W,10
375,2020-03-12,Opp-1,Away,Hot,Average,W,10
376,2020-03-19,Opp-4,Away,Clear,Good,L,10
377,2020-03-26,Opp-5,Away,Clear,Good,W,10
378,2020-04-02,Opp-7,Away,Hot,Average,L,10
379,2020-04-09,Opp-6,Away,Clear,Average,L,10
380,2020-04-16,Opp-9,Home,Cloudy,Good,W,10
381,2020-08-01,Opp-7,Away,Cloudy,Good,L,1
382,2020-08-08,Opp-3,Away,Cloudy,Good,D,1
383,2020-08-15,Opp-1,Home,Rain,Average,W,1
384,2020-08-22,Opp-3,Home,Rain,Average,W,1
385,2020-08-29,Opp-4,Away,Rain,Average,D,1
386,2020-09-05,Opp-6,Home,Rain,Average,L,1
387,2020-09-12,Opp-4,Home,Rain,Good,W,1
388,2020-09-19,Opp-8,Away,Clear,Good,D,1
389,2020-09-26,Opp-9,Home,Clear,Good,D,1
390,2020-10-03,Opp-7,Home,Cloudy,Average,W,1
391,2020-10-10,Opp-3,Away,Clear,Good,D,1
392,2020-10-17,Opp-1,Away,Cloudy,Good,L,1
393,2020-10-24,Opp-7,Away,Cloudy,Good,L,1
394,2020-10-31,Opp-3,Away,Clear,Good,W,1
395,2020-11-07,Opp-9,Away,Clear,Poor,D,1
396,2020-11-14,Opp-1,Away,Clear,Good,D,1
397,2020-11-21,Opp-7,Home,Cloudy,Good,L,1
398,2020-11-28,Opp-3,Home,Clear,Good,D,1
399,2020-12-05,Opp-3,Home,Clear,Good,W,1
400,2020-12-12,Opp-8,Away,Clear,Average,D,1
401,2020-12-19,Opp-6,Away,Clear,Average,L,1
402,2020-12-26,Opp-6,Home,Clear,Good,W,1
403,2021-01-02,Opp-2,Home,Clear,Good,W,1
404,2021-01-09,Opp-2,Home,Cloudy,Average,W,1
405,2021-01-16,Opp-7,Away,Hot,Good,W,1
406,2021-01-23,Opp-3,Home,Cloudy,Average,D,1
407,2021-01-30,Opp-9,Home,Clear,Good,W,1
408,2021-02-06,Opp-4,Away,Cloudy,Good,D,1
409,2021-02-13,Opp-9,Away,Clear,Good,D,1
410,2021-02-20,Opp-4,Away,Clear,Poor,W,1
411,2021-02-27,Opp-10,Away,Clear,Good,D,1
412,2021-03-06,Opp-8,Home,Cloudy,Good,L,1
413,2021-03-13,Opp-9,Away,Clear,Average,D,1
414,2021-03-20,Opp-7,Away,Clear,Average,W,1
415,2021-03-27,Opp-5,Home,Cloudy,Good,W,1
416,2021-04-03,Opp-3,Home,Cloudy,Average,L,1
417,2021-04-10,Opp-10,Home,Clear,Good,D,1
418,2021-04-17,Opp-8,Away,Rain,Average,L,1
419,2020-08-01,Opp-9,Home,Clear,Average,W,2
420,2020-08-08,Opp-3,Away,Cloudy,Good,W,2
421,2020-08-15,Opp-7,Away,Clear,Average,D,2
422,2020-08-22,Opp-10,Home,Cloudy,Good,W,2
423,2020-08-29,Opp-3,Home,Clear,Good,D,2
424,2020-09-05,Opp-8,Home,Clear,Good,W,2
425,2020-09-12,Opp-3,Home,Cloudy,Good,L,2
426,2020-09-19,Opp-5,Home,Clear,Good,W,2
427,2020-09-26,Opp-8,Away,Cloudy,Good,D,2
428,2020-10-03,Opp-8,Home,Clear,Good,W,2
429,2020-10-10,Opp-10,Away,Rain,Good,W,2
430,2020-10-17,Opp-6,Away,Hot,Good,W,2
431,2020-10-24,Opp-2,Away,Clear,Good,W,2
432,2020-10-31,Opp-9,Home,Clear,Good,W,2
433,2020-11-07,Opp-2,Home,Cold,Good,L,2
434,2020-11-14,Opp-7,Home,Clear,Good,W,2
435,2020-11-21,Opp-2,Away,Cloudy,Good,L,2
436,2020-11-28,Opp-2,Away,Cloudy,Average,W,2
437,2020-12-05,Opp-10,Away,Rain,Good,W,2
438,2020-12-12,Opp-3,Away,Cloudy,Good,W,2
439,2020-12-19,Opp-7,Home,Rain,Good,D,2
440,2020-12-26,Opp-4,Away,Clear,Average,W,2
441,2021-01-02,Opp-3,Home,Rain,Average,D,2
442,2021-01-09,Opp-6,Home,Rain,Good,W,2
443,2021-01-16,Opp-7,Away,Hot,Poor,L,2
444,2021-01-23,Opp-1,Home,Clear,Average,L,2
445,2021-01-30,Opp-2,Away,Clear,Good,D,2
446,2021-02-06,Opp-2,Home,Rain,Good,D,2
447,2021-02-13,Opp-4,Away,Clear,Average,W,2
448,2021-02-20,Opp-5,Away,Cloudy,Good,W,2
449,2021-02-27,Opp-5,Away,Clear,Average,W,2
450,2021-03-06,Opp-10,Home,Cloudy,Good,L,2
451,2021-03-13,Opp-2,Away,Clear,Good,W,2
452,2021-03-20,Opp-2,Away,Clear,Good,W,2
453,2021-03-27,Opp-1,Home,Clear,Average,D,2
454,2021-04-03,Opp-9,Home,Cloudy,Average,D,2
455,2021-04-10,Opp-6,Away,Cloudy,Good,W,2
456,2021-04-17,Opp-8,Home,Clear,Good,D,2
457,2020-08-01,Opp-10,Home,Rain,Good,L,3
458,2020-08-08,Opp-10,Away,Clear,Good,W,3
459,2020-08-15,Opp-9,Away,Clear,Average,W,3
460,2020-08-22,Opp-10,Away,Clear,Good,L,3
461,2020-08-29,Opp-7,Away,Rain,Average,L,3
462,2020-09-05,Opp-4,Away,Rain,Good,L,3
463,2020-09-12,Opp-9,Home,Clear,Poor,W,3
464,2020-09-19,Opp-4,Away,Rain,Good,L,3
465,2020-09-26,Opp-4,Away,Rain,Poor,D,3
466,2020-10-03,Opp-7,Home,Clear,Good,L,3
467,2020-10-10,Opp-9,Home,Clear,Good,W,3
468,2020-10-17,Opp-9,Away,Cloudy,Good,D,3
469,2020-10-24,Opp-10,Home,Clear,Good,D,3
470,2020-10-31,Opp-6,Home,Clear,Good,L,3
471,2020-11-07,Opp-8,Away,Rain,Good,L,3
472,2020-11-14,Opp-1,Away,Cloudy,Good,L,3
473,2020-11-21,Opp-6,Home,Clear,Good,L,3
474,2020-11-28,Opp-10,Away,Hot,Average,L,3
475,2020-12-05,Opp-4,Home,Rain,Poor,D,3
476,2020-12-12,Opp-9,Home,Rain,Good,W,3
477,2020-12-19,Opp-2,Home,Clear,Good,W,3
478,2020-12-26,Opp-5,Away,Clear,Poor,L,3
479,2021-01-02,Opp-6,Away,Clear,Average,L,3
480,2021-01-09,Opp-8,Away,Cloudy,Average,W,3
481,2021-01-16,Opp-7,Away,Cloudy,Average,W,3
482,2021-01-23,Opp-9,Away,Rain,Average,W,3
483,2021-01-30,Opp-5,Away,Cloudy,Good,L,3
484,2021-02-06,Opp-3,Away,Clear,Average,D,3
485,2021-02-13,Opp-1,Home,Clear,Average,W,3
486,2021-02-20,Opp-2,Home,Cold,Average,D,3
487,2021-02-27,Opp-8,Away,Cloudy,Average,W,3
488,2021-03-06,Opp-8,Home,Clear,Good,D,3
489,2021-03-13,Opp-1,Home,Clear,Good,W,3
490,2021-03-20,Opp-2,Home,Hot,Good,D,3
491,2021-03-27,Opp-6,Home,Clear,Good,D,3
492,2021-04-03,Opp-9,Away,Cloudy,Good,L,3
493,2021-04-10,Opp-3,Away,Hot,Average,W,3
494,2021-04-17,Opp-10,Home,Hot,Average,L,3
495,2020-08-01,Opp-1,Away,Cloudy,Poor,W,4
496,2020-08-08,Opp-9,Away,Cloudy,Average,W,4
497,2020-08-15,Opp-4,Away,Clear,Average,L,4
498,2020-08-22,Opp-1,Away,Hot,Good,W,4
499,2020-08-29,Opp-4,Home,Clear,Average,L,4
500,2020-09-05,Opp-10,Home,Clear,Poor,W,4
501,2020-09-12,Opp-7,Away,Clear,Average,W,4
502,2020-09-19,Opp-6,Home,Cloudy,Average,D,4
503,2020-09-26,Opp-2,Away,Clear,Average,D,4
504,2020-10-03,Opp-3,Away,Clear,Good,W,4
505,2020-10-10,Opp-10,Away,Cold,Average,W,4
506,2020-10-17,Opp-5,Away,Hot,Good,L,4
507,2020-10-24,Opp-8,Away,Clear,Average,W,4
508,2020-10-31,Opp-1,Away,Clear,Good,W,4
509,2020-11-07,Opp-6,Away,Clear,Good,W,4
510,2020-11-14,Opp-6,Away,Rain,Average,D,4
511,2020-11-21,Opp-1,Away,Clear,Good,W,4
512,2020-11-28,Opp-7,Home,Rain,Good,D,4
513,2020-12-05,Opp-3,Home,Clear,Average,W,4
514,2020-12-12,Opp-5,Away,Clear,Poor,W,4
515,2020-12-19,Opp-5,Home,Cloudy,Good,W,4
516,2020-12-26,Opp-1,Away,Cloudy,Good,L,4
517,2021-01-02,Opp-7,Home,Clear,Good,W,4
518,2021-01-09,Opp-4,Away,Cloudy,Good,L,4
519,2021-01-16,Opp-2,Home,Cloudy,Average,L,4
520,2021-01-23,Opp-4,Away,Clear,Good,L,4
521,2021-01-30,Opp-6,Home,Clear,Good,L,4
522,2021-02-06,Opp-10,Away,Rain,Average,W,4
523,2021-02-13,Opp-5,Home,Rain,Good,L,4
524,2021-02-20,Opp-7,Home,Cloudy,Average,D,4
525,2021-02-27,Opp-2,Home,Cloudy,Average,L,4
526,2021-03-06,Opp-2,Away,Rain,Good,D,4
527,2021-03-13,Opp-6,Home,Clear,Good,L,4
528,2021-03-20,Opp-1,Home,Cold,Average,D,4
529,2021-03-27,Opp-8,Away,Cloudy,Average,L,4
530,2021-04-03,Opp-2,Home,Clear,Good,W,4
531,2021-04-10,Opp-9,Away,Clear,Average,W,4
532,2021-04-17,Opp-10,Away,Clear,Good,W,4
533,2020-08-01,Opp-8,Home,Clear,Good,L,5
534,2020-08-08,Opp-2,Home,Clear,Average,W,5
535,2020-08-15,Opp-1,Home,Cold,Good,L,5
536,2020-08-22,Opp-5,Home,Clear,Good,L,5
537,2020-08-29,Opp-10,Home,Hot,Good,W,5
538,2020-09-05,Opp-1,Home,Clear,Good,D,5
539,2020-09-12,Opp-9,Home,Cloudy,Good,L,5
540,2020-09-19,Opp-10,Away,Cloudy,Good,L,5
541,2020-09-26,Opp-2,Away,Clear,Poor,D,5
542,2020-10-03,Opp-1,Home,Clear,Average,L,5
543,2020-10-10,Opp-10,Home,Rain,Poor,D,5
544,2020-10-17,Opp-4,Away,Rain,Good,W,5
545,2020-10-24,Opp-10,Home,Clear,Good,D,5
546,2020-10-31,Opp-6,Away,Clear,Average,D,5
547,2020-11-07,Opp-10,Away,Cloudy,Good,W,5
548,2020-11-14,Opp-3,Away,Rain,Poor,W,5
549,2020-11-21,Opp-1,Away,Cloudy,Average,W,5
550,2020-11-28,Opp-2,Away,Cloudy,Good,W,5
551,2020-12-05,Opp-10,Away,Clear,Average,L,5
552,2020-12-12,Opp-2,Home,Rain,Average,L,5
553,2020-12-19,Opp-2,Away,Cloudy,Good,L,5
554,2020-12-26,Opp-6,Home,Clear,Good,L,5
555,2021-01-02,Opp-6,Away,Clear,Good,L,5
556,2021-01-09,Opp-6,Home,Hot,Good,W,5
557,2021-01-16,Opp-5,Home,Cloudy,Good,L,5
558,2021-01-23,Opp-5,Home,Clear,Good,D,5
559,2021-01-30,Opp-8,Home,Cloudy,Average,D,5
560,2021-02-06,Opp-3,Home,Clear,Average,W,5
561,2021-02-13,Opp-7,Home,Clear,Average,W,5
562,2021-02-20,Opp-3,Home,Clear,Good,L,5
563,2021-02-27,Opp-5,Away,Cold,Average,L,5
564,2021-03-06,Opp-1,Away,Clear,Good,D,5
565,2021-03-13,Opp-9,Away,Cloudy,Good,W,5
566,2021-03-20,Opp-5,Away,Rain,Good,L,5
567,2021-03-27,Opp-10,Home,Rain,Good,W,5
568,2021-04-03,Opp-5,Home,Clear,Average,W,5
569,2021-04-10,Opp-9,Home,Rain,Good,D,5
570,2021-04-17,Opp-10,Away,Clear,Good,L,5
571,2020-08-01,Opp-8,Home,Rain,Good,W,6
572,2020-08-08,Opp-9,Home,Cloudy,Good,W,6
573,2020-08-15,Opp-9,Home,Rain,Good,W,6
574,2020-08-22,Opp-9,Away,Clear,Good,W,6
575,2020-08-29,Opp-2,Home,Cloudy,Good,L,6
576,2020-09-05,Opp-7,Home,Rain,Good,W,6
577,2020-09-12,Opp-2,Away,Hot,Good,D,6
578,2020-09-19,Opp-8,Away,Hot,Good,W,6
579,2020-09-26,Opp-1,Away,Cold,Average,D,6
580,2020-10-03,Opp-8,Away,Rain,Average,W,6
581,2020-10-10,Opp-10,Away,Clear,Good,L,6
582,2020-10-17,Opp-5,Home,Clear,Good,W,6
583,2020-10-24,Opp-6,Home,Clear,Average,D,6
584,2020-10-31,Opp-10,Away,Hot,Average,D,6
585,2020-11-07,Opp-5,Away,Clear,Average,L,6
586,2020-11-14,Opp-8,Home,Clear,Average,L,6
587,2020-11-21,Opp-5,Away,Clear,Average,W,6
588,2020-11-28,Opp-2,Away,Cloudy,Average,W,6
589,2020-12-05,Opp-3,Home,Clear,Average,D,6
590,2020-12-12,Opp-10,Away,Cold,Good,W,6
591,2020-12-19,Opp-1,Away,Clear,Good,W,6
592,2020-12-26,Opp-4,Away,Rain,Good,W,6
593,2021-01-02,Opp-10,Away,Hot,Good,D,6
594,2021-01-09,Opp-6,Away,Cloudy,Good,L,6
595,2021-01-16,Opp-2,Away,Hot,Average,W,6
596,2021-01-23,Opp-10,Home,Cloudy,Good,D,6
597,2021-01-30,Opp-5,Away,Clear,Average,L,6
598,2021-02-06,Opp-5,Home,Clear,Good,L,6
599,2021-02-13,Opp-2,Home,Clear,Good,W,6
600,2021-02-20,Opp-5,Home,Hot,Good,L,6
601,2021-02-27,Opp-9,Home,Rain,Good,D,6
602,2021-03-06,Opp-2,Away,Clear,Good,W,6
603,2021-03-13,Opp-10,Home,Rain,Good,L,6
604,2021-03-20,Opp-8,Away,Hot,Good,D,6
605,2021-03-27,Opp-6,Away,Clear,Good,D,6
606,2021-04-03,Opp-7,Home,Rain,Average,W,6
607,2021-04-10,Opp-8,Home,Cloudy,Average,D,6
608,2021-04-17,Opp-10,Away,Rain,Average,D,6
609,2020-08-01,Opp-4,Away,Rain,Average,L,7
610,2020-08-08,Opp-1,Home,Clear,Average,L,7
611,2020-08-15,Opp-10,Away,Cloudy,Good,L,7
612,2020-08-22,Opp-5,Home,Cloudy,Average,D,7
613,2020-08-29,Opp-2,Home,Cloudy,Average,L,7
614,2020-09-05,Opp-7,Home,Clear,Good,L,7
615,2020-09-12,Opp-7,Away,Cloudy,Good,L,7
616,2020-09-19,Opp-10,Home,Clear,Average,D,7
617,2020-09-26,Opp-1,Away,Clear,Good,W,7
618,2020-10-03,Opp-9,Home,Clear,Good,W,7
619,2020-10-10,Opp-8,Home,Clear,Average,W,7
620,2020-10-17,Opp-8,Away,Cloudy,Good,D,7
621,2020-10-24,Opp-10,Away,Hot,Average,D,7
622,2020-10-31,Opp-8,Away,Clear,Good,L,7
623,2020-11-07,Opp-5,Home,Cloudy,Good,W,7
624,2020-11-14,Opp-1,Away,Clear,Good,W,7
625,2020-11-21,Opp-3,Away,Clear,Good,W,7
626,2020-11-28,Opp-2,Home,Cold,Poor,W,7
627,2020-12-05,Opp-1,Away,Clear,Average,L,7
628,2020-12-12,Opp-7,Away,Cloudy,Poor,L,7
629,2020-12-19,Opp-2,Home,Rain,Average,L,7
630,2020-12-26,Opp-5,Away,Clear,Average,W,7
631,2021-01-02,Opp-4,Away,Hot,Good,D,7
632,2021-01-09,Opp-9,Home,Clear,Good,W,7
633,2021-01-16,Opp-3,Away,Clear,Average,W,7
634,2021-01-23,Opp-1,Away,Clear,Good,W,7
635,2021-01-30,Opp-3,Away,Clear,Average,W,7
636,2021-02-06,Opp-1,Away,Clear,Good,W,7
637,2021-02-13,Opp-7,Away,Cloudy,Poor,D,7
638,2021-02-20,Opp-2,Away,Hot,Good,D,7
639,2021-02-27,Opp-2,Home,Clear,Good,W,7
640,2021-03-06,Opp-9,Home,Cold,Poor,W,7
641,2021-03-13,Opp-4,Away,Clear,Average,W,7
642,2021-03-20,Opp-6,Home,Clear,Good,W,7
643,2021-03-27,Opp-8,Home,Rain,Good,L,7
644,2021-04-03,Opp-2,Home,Rain,Good,L,7
645,2021-04-10,Opp-10,Away,Cloudy,Good,L,7
646,2021-04-17,Opp-7,Home,Clear,Good,L,7
647,2020-08-01,Opp-3,Home,Rain,Good,L,8
648,2020-08-08,Opp-2,Home,Hot,Average,W,8
649,2020-08-15,Opp-1,Away,Cloudy,Good,W,8
650,2020-08-22,Opp-1,Home,Rain,Average,W,8
651,2020-08-29,Opp-3,Home,Hot,Average,W,8
652,2020-09-05,Opp-4,Home,Clear,Good,W,8
653,2020-09-12,Opp-9,Away,Hot,Average,W,8
654,2020-09-19,Opp-1,Home,Clear,Average,L,8
655,2020-09-26,Opp-4,Home,Clear,Average,W,8
656,2020-10-03,Opp-7,Away,Rain,Poor,L,8
657,2020-10-10,Opp-7,Away,Clear,Average,D,8
658,2020-10-17,Opp-8,Home,Clear,Good,D,8
659,2020-10-24,Opp-3,Home,Clear,Good,L,8
660,2020-10-31,Opp-8,Away,Rain,Good,W,8
661,2020-11-07,Opp-7,Home,Hot,Good,D,8
662,2020-11-14,Opp-2,Home,Cloudy,Good,L,8
663,2020-11-21,Opp-6,Away,Clear,Average,L,8
664,2020-11-28,Opp-6,Away,Cloudy,Good,D,8
665,2020-12-05,Opp-1,Away,Cloudy,Good,W,8
666,2020-12-12,Opp-6,Home,Hot,Good,W,8
667,2020-12-19,Opp-10,Home,Cold,Good,W,8
668,2020-12-26,Opp-6,Home,Hot,Good,D,8
669,2021-01-02,Opp-5,Away,Hot,Average,D,8
670,2021-01-09,Opp-10,Away,Clear,Good,L,8
671,2021-01-16,Opp-6,Home,Rain,Poor,D,8
672,2021-01-23,Opp-3,Away,Clear,Average,W,8
673,2021-01-30,Opp-4,Home,Rain,Average,D,8
674,2021-02-06,Opp-6,Away,Rain,Average,L,8
675,2021-02-13,Opp-2,Home,Rain,Average,D,8
676,2021-02-20,Opp-3,Away,Clear,Average,L,8
677,2021-02-27,Opp-4,Home,Clear,Average,L,8
678,2021-03-06,Opp-10,Home,Cloudy,Good,L,8
679,2021-03-13,Opp-10,Home,Clear,Poor,W,8
680,2021-03-20,Opp-1,Away,Rain,Average,L,8
681,2021-03-27,Opp-10,Away,Clear,Good,W,8
682,2021-04-03,Opp-1,Home,Clear,Average,L,8
683,2021-04-10,Opp-7,Home,Hot,Average,D,8
684,2021-04-17,Opp-6,Away,Hot,Good,D,8
685,2020-08-01,Opp-6,Home,Hot,Average,L,9
686,2020-08-08,Opp-4,Away,Cloudy,Average,D,9
687,2020-08-15,Opp-9,Home,Rain,Good,W,9
688,2020-08-22,Opp-4,Home,Cloudy,Poor,W,9
689,2020-08-29,Opp-6,Home,Cloudy,Average,W,9
690,2020-09-05,Opp-9,Home,Cold,Poor,W,9
691,2020-09-12,Opp-1,Away,Cloudy,Average,D,9
692,2020-09-19,Opp-7,Away,Clear,Average,W,9
693,2020-09-26,Opp-9,Away,Cold,Average,W,9
694,2020-10-03,Opp-6,Home,Cloudy,Good,L,9
695,2020-10-10,Opp-10,Away,Rain,Good,L,9
696,2020-10-17,Opp-7,Away,Clear,Good,W,9
697,2020-10-24,Opp-5,Home,Cloudy,Good,L,9
698,2020-10-31,Opp-8,Home,Cloudy,Poor,W,9
699,2020-11-07,Opp-10,Away,Cloudy,Poor,W,9
700,2020-11-14,Opp-1,Home,Hot,Good,W,9
701,2020-11-21,Opp-1,Away,Clear,Good,W,9
702,2020-11-28,Opp-10,Home,Cold,Poor,W,9
703,2020-12-05,Opp-7,Home,Hot,Good,L,9
704,2020-12-12,Opp-5,Away,Clear,Average,W,9
705,2020-12-19,Opp-4,Home,Hot,Average,W,9
706,2020-12-26,Opp-8,Home,Rain,Good,D,9
707,2021-01-02,Opp-10,Away,Clear,Good,D,9
708,2021-01-09,Opp-4,Away,Cloudy,Good,W,9
709,2021-01-16,Opp-2,Home,Rain,Good,D,9
710,2021-01-23,Opp-7,Home,Clear,Good,W,9
711,2021-01-30,Opp-3,Away,Cold,Good,D,9
712,2021-02-06,Opp-1,Away,Rain,Good,L,9
713,2021-02-13,Opp-3,Home,Hot,Average,W,9
714,2021-02-20,Opp-7,Home,Clear,Good,W,9
715,2021-02-27,Opp-10,Away,Cold,Good,D,9
716,2021-03-06,Opp-4,Home,Clear,Poor,D,9
717,2021-03-13,Opp-9,Home,Rain,Good,W,9
718,2021-03-20,Opp-2,Home,Clear,Average,L,9
719,2021-03-27,Opp-3,Home,Cloudy,Good,W,9
720,2021-04-03,Opp-2,Away,Clear,Good,L,9
721,2021-04-10,Opp-4,Home,Rain,Good,W,9
722,2021-04-17,Opp-2,Away,Clear,Poor,L,9
723,2020-08-01,Opp-1,Home,Clear,Good,L,10
724,2020-08-08,Opp-9,Home,Clear,Good,W,10
725,2020-08-15,Opp-4,Home,Clear,Poor,L,10
726,2020-08-22,Opp-9,Home,Clear,Average,L,10
727,2020-08-29,Opp-2,Home,Clear,Good,W,10
728,2020-09-05,Opp-10,Away,Clear,Good,D,10
729,2020-09-12,Opp-7,Home,Cloudy,Good,W,10
730,2020-09-19,Opp-9,Away,Cloudy,Average,D,10
731,2020-09-26,Opp-10,Away,Rain,Good,L,10
732,2020-10-03,Opp-2,Home,Clear,Good,L,10
733,2020-10-10,Opp-2,Home,Clear,Average,L,10
734,2020-10-17,Opp-9,Home,Rain,Average,W,10
735,2020-10-24,Opp-8,Away,Hot,Average,W,10
736,2020-10-31,Opp-3,Away,Clear,Good,L,10
737,2020-11-07,Opp-3,Away,Clear,Poor,W,10
738,2020-11-14,Opp-8,Home,Cloudy,Average,W,10
739,2020-11-21,Opp-6,Away,Clear,Good,W,10
740,2020-11-28,Opp-2,Home,Cloudy,Good,L,10
741,2020-12-05,Opp-10,Home,Clear,Good,L,10
742,2020-12-12,Opp-2,Home,Rain,Good,D,10
743,2020-12-19,Opp-10,Home,Clear,Good,L,10
744,2020-12-26,Opp-6,Away,Cloudy,Average,D,10
745,2021-01-02,Opp-7,Home,Clear,Poor,D,10
746,2021-01-09,Opp-10,Away,Clear,Good,W,10
747,2021-01-16,Opp-2,Away,Cloudy,Good,W,10
748,2021-01-23,Opp-8,Away,Clear,Average,L,10
749,2021-01-30,Opp-2,Away,Clear,Average,W,10
750,2021-02-06,Opp-4,Away,Rain,Average,L,10
751,2021-02-13,Opp-9,Home,Clear,Poor,W,10
752,2021-02-20,Opp-4,Away,Rain,Average,D,10
753,2021-02-27,Opp-10,Away,Clear,Good,L,10
754,2021-03-06,Opp-3,Home,Clear,Average,L,10
755,2021-03-13,Opp-10,Away,Rain,Average,W,10
756,2021-03-20,Opp-5,Away,Clear,Good,L,10
757,2021-03-27,Opp-9,Home,Rain,Good,D,10
758,2021-04-03,Opp-4,Home,Rain,Average,W,10
759,2021-04-10,Opp-3,Away,Rain,Good,L,10
760,2021-04-17,Opp-5,Home,Cold,Good,W,10
761,2021-08-01,Opp-8,Away,Clear,Good,L,1
762,2021-08-08,Opp-7,Home,Rain,Good,W,1
763,2021-08-15,Opp-5,Away,Clear,Good,D,1
764,2021-08-22,Opp-6,Away,Clear,Average,W,1
765,2021-08-29,Opp-9,Home,Cloudy,Good,L,1
766,2021-09-05,Opp-9,Home,Cloudy,Average,D,1
767,2021-09-12,Opp-7,Home,Rain,Average,L,1
768,2021-09-19,Opp-5,Home,Rain,Good,D,1
769,2021-09-26,Opp-2,Home,Clear,Good,L,1
770,2021-10-03,Opp-8,Home,Cloudy,Good,W,1
771,2021-10-10,Opp-2,Away,Clear,Average,W,1
772,2021-10-17,Opp-5,Home,Rain,Average,W,1
773,2021-10-24,Opp-7,Home,Clear,Good,D,1
774,2021-10-31,Opp-10,Away,Rain,Good,D,1
775,2021-11-07,Opp-9,Home,Cloudy,Good,W,1
776,2021-11-14,Opp-4,Away,Rain,Good,L,1
777,2021-11-21,Opp-1,Away,Cloudy,Good,D,1
778,2021-11-28,Opp-1,Away,Hot,Average,D,1
779,2021-12-05,Opp-9,Home,Clear,Poor,W,1
780,2021-12-12,Opp-10,Home,Cloudy,Good,D,1
781,2021-12-19,Opp-3,Away,Cloudy,Good,W,1
782,2021-12-26,Opp-2,Home,Clear,Good,D,1
783,2022-01-02,Opp-4,Away,Clear,Average,W,1
784,2022-01-09,Opp-4,Away,Clear,Good,W,1
785,2022-01-16,Opp-2,Away,Cloudy,Average,D,1
786,2022-01-23,Opp-7,Home,Rain,Good,L,1
787,2022-01-30,Opp-10,Home,Cloudy,Good,W,1
788,2022-02-06,Opp-8,Away,Cold,Good,L,1
789,2022-02-13,Opp-2,Home,Hot,Good,D,1
790,2022-02-20,Opp-8,Home,Rain,Good,W,1
791,2022-02-27,Opp-3,Home,Rain,Average,D,1
792,2022-03-06,Opp-7,Home,Cloudy,Average,W,1
793,2022-03-13,Opp-2,Home,Clear,Average,D,1
794,2022-03-20,Opp-6,Away,Cloudy,Average,D,1
795,2022-03-27,Opp-8,Away,Rain,Good,L,1
796,2022-04-03,Opp-2,Home,Cloudy,Poor,W,1
797,2022-04-10,Opp-3,Home,Clear,Good,W,1
798,2022-04-17,Opp-5,Away,Cold,Average,D,1
799,2021-08-01,Opp-4,Home,Clear,Good,W,2
800,2021-08-08,Opp-8,Home,Cold,Good,W,2
801,2021-08-15,Opp-1,Home,Clear,Good,W,2
802,2021-08-22,Opp-6,Away,Cloudy,Good,W,2
803,2021-08-29,Opp-2,Away,Cloudy,Good,W,2
804,2021-09-05,Opp-1,Home,Clear,Good,W,2
805,2021-09-12,Opp-8,Away,Cloudy,Average,L,2
806,2021-09-19,Opp-6,Home,Clear,Average,W,2
807,2021-09-26,Opp-8,Away,Cloudy,Poor,D,2
808,2021-10-03,Opp-3,Away,Hot,Good,W,2
809,2021-10-10,Opp-8,Away,Hot,Average,W,2
810,2021-10-17,Opp-4,Away,Rain,Good,W,2
811,2021-10-24,Opp-10,Home,Rain,Average,W,2
812,2021-10-31,Opp-7,Home,Cloudy,Good,L,2
813,2021-11-07,Opp-2,Home,Cloudy,Good,W,2
814,2021-11-14,Opp-10,Away,Clear,Good,W,2
815,2021-11-21,Opp-7,Away,Hot,Good,D,2
816,2021-11-28,Opp-10,Away,Cloudy,Good,W,2
817,2021-12-05,Opp-9,Away,Clear,Good,W,2
818,2021-12-12,Opp-8,Home,Clear,Good,L,2
819,2021-12-19,Opp-1,Away,Cloudy,Good,W,2
820,2021-12-26,Opp-2,Away,Cloudy,Poor,W,2
821,2022-01-02,Opp-8,Away,Hot,Average,D,2
822,2022-01-09,Opp-1,Away,Cold,Average,D,2
823,2022-01-16,Opp-1,Away,Clear,Average,D,2
824,2022-01-23,Opp-1,Away,Clear,Good,L,2
825,2022-01-30,Opp-8,Away,Cloudy,Good,W,2
826,2022-02-06,Opp-7,Away,Cold,Average,W,2
827,2022-02-13,Opp-7,Away,Clear,Good,L,2
828,2022-02-20,Opp-7,Home,Rain,Good,W,2
829,2022-02-27,Opp-8,Home,Cloudy,Average,L,2
830,2022-03-06,Opp-4,Away,Clear,Good,W,2
831,2022-03-13,Opp-5,Home,Clear,Average,L,2
832,2022-03-20,Opp-1,Home,Cloudy,Good,D,2
833,2022-03-27,Opp-9,Home,Cloudy,Good,W,2
834,2022-04-03,Opp-6,Home,Cloudy,Good,W,2
835,2022-04-10,Opp-1,Home,Cloudy,Good,W,2
836,2022-04-17,Opp-4,Away,Rain,Good,W,2
837,2021-08-01,Opp-6,Home,Rain,Good,L,3
838,2021-08-08,Opp-7,Away,Clear,Good,L,3
839,2021-08-15,Opp-10,Away,Cloudy,Poor,D,3
840,2021-08-22,Opp-4,Away,Hot,Good,D,3
841,2021-08-29,Opp-2,Away,Clear,Good,D,3
842,2021-09-05,Opp-4,Away,Cloudy,Good,D,3
843,2021-09-12,Opp-9,Home,Rain,Average,L,3
844,2021-09-19,Opp-6,Away,Cloudy,Good,W,3
845,2021-09-26,Opp-7,Away,Cloudy,Poor,W,3
846,2021-10-03,Opp-7,Away,Clear,Good,L,3
847,2021-10-10,Opp-1,Away,Clear,Good,W,3
848,2021-10-17,Opp-7,Away,Cloudy,Good,L,3
849,2021-10-24,Opp-2,Away,Clear,Average,W,3
850,2021-10-31,Opp-6,Home,Clear,Average,W,3
851,2021-11-07,Opp-7,Home,Clear,Good,W,3
852,2021-11-14,Opp-9,Away,Rain,Good,L,3
853,2021-11-21,Opp-4,Home,Clear,Good,W,3
854,2021-11-28,Opp-2,Home,Rain,Good,W,3
855,2021-12-05,Opp-10,Away,Cloudy,Average,D,3
856,2021-12-12,Opp-5,Home,Cold,Average,L,3
857,2021-12-19,Opp-6,Home,Rain,Good,D,3
858,2021-12-26,Opp-2,Away,Cloudy,Good,W,3
859,2022-01-02,Opp-2,Home,Clear,Good,D,3
860,2022-01-09,Opp-8,Home,Cloudy,Good,W,3
861,2022-01-16,Opp-2,Away,Rain,Average,L,3
862,2022-01-23,Opp-3,Away,Clear,Good,W,3
863,2022-01-30,Opp-1,Away,Rain,Average,D,3
864,2022-02-06,Opp-9,Away,Hot,Good,W,3
865,2022-02-13,Opp-6,Away,Rain,Average,W,3
866,2022-02-20,Opp-3,Away,Clear,Good,D,3
867,2022-02-27,Opp-7,Home,Clear,Good,L,3
868,2022-03-06,Opp-7,Home,Cold,Good,W,3
869,2022-03-13,Opp-9,Home,Cloudy,Poor,D,3
870,2022-03-20,Opp-7,Home,Clear,Good,L,3
871,2022-03-27,Opp-4,Away,Clear,Good,L,3
872,2022-04-03,Opp-8,Away,Rain,Average,D,3
873,2022-04-10,Opp-2,Home,Cloudy,Average,D,3
874,2022-04-17,Opp-2,Away,Rain,Poor,L,3
875,2021-08-01,Opp-3,Home,Clear,Average,W,4
876,2021-08-08,Opp-8,Home,Clear,Poor,L,4
877,2021-08-15,Opp-7,Away,Cloudy,Poor,D,4
878,2021-08-22,Opp-7,Away,Rain,Average,W,4
879,2021-08-29,Opp-10,Home,Clear,Good,D,4
880,2021-09-05,Opp-4,Home,Clear,Good,D,4
881,2021-09-12,Opp-4,Away,Clear,Good,W,4
882,2021-09-19,Opp-7,Away,Clear,Average,W,4
883,2021-09-26,Opp-6,Home,Cloudy,Good,W,4
884,2021-10-03,Opp-8,Away,Clear,Average,L,4
885,2021-10-10,Opp-4,Home,Hot,Good,D,4
886,2021-10-17,Opp-2,Away,Clear,Average,W,4
887,2021-10-24,Opp-1,Home,Clear,Good,W,4
888,2021-10-31,Opp-3,Home,Hot,Average,W,4
889,2021-11-07,Opp-1,Home,Cloudy,Poor,W,4
890,2021-11-14,Opp-9,Away,Clear,Good,D,4
891,2021-11-21,Opp-8,Away,Clear,Good,D,4
892,2021-11-28,Opp-5,Home,Clear,Average,W,4
893,2021-12-05,Opp-10,Home,Clear,Good,D,4
894,2021-12-12,Opp-3,Away,Rain,Good,L,4
895,2021-12-19,Opp-10,Away,Cloudy,Average,D,4
896,2021-12-26,Opp-2,Away,Clear,Good,D,4
897,2022-01-02,Opp-9,Home,Rain,Good,D,4
898,2022-01-09,Opp-6,Away,Clear,Good,L,4
899,2022-01-16,Opp-10,Home,Hot,Good,W,4
900,2022-01-23,Opp-2,Home,Clear,Good,W,4
901,2022-01-30,Opp-10,Home,Clear,Average,D,4
902,2022-02-06,Opp-8,Home,Clear,Average,L,4
903,2022-02-13,Opp-8,Home,Hot,Good,L,4
904,2022-02-20,Opp-1,Away,Hot,Good,L,4
905,2022-02-27,Opp-7,Away,Cloudy,Good,D,4
906,2022-03-06,Opp-6,Away,Clear,Average,W,4
907,2022-03-13,Opp-5,Away,Cloudy,Good,D,4
908,2022-03-20,Opp-3,Home,Rain,Good,D,4
909,2022-03-27,Opp-10,Away,Rain,Good,L,4
910,2022-04-03,Opp-2,Home,Clear,Good,W,4
911,2022-04-10,Opp-6,Home,Rain,Poor,D,4
912,2022-04-17,Opp-4,Home,Clear,Good,W,4
913,2021-08-01,Opp-2,Away,Hot,Good,W,5
914,2021-08-08,Opp-7,Home,Cloudy,Average,L,5
915,2021-08-15,Opp-6,Home,Cloudy,Good,W,5
916,2021-08-22,Opp-1,Away,Cloudy,Good,W,5
917,2021-08-29,Opp-10,Home,Clear,Good,L,5
918,2021-09-05,Opp-2,Away,Cloudy,Good,L,5
919,2021-09-12,Opp-9,Away,Hot,Good,L,5
920,2021-09-19,Opp-5,Home,Rain,Poor,L,5
921,2021-09-26,Opp-10,Away,Clear,Good,W,5
922,2021-10-03,Opp-9,Home,Clear,Poor,D,5
923,2021-10-10,Opp-1,Away,Cloudy,Good,L,5
924,2021-10-17,Opp-10,Away,Clear,Average,W,5
925,2021-10-24,Opp-5,Away,Cloudy,Good,W,5
926,2021-10-31,Opp-8,Home,Clear,Good,D,5
927,2021-11-07,Opp-7,Home,Cloudy,Good,W,5
928,2021-11-14,Opp-4,Away,Hot,Average,L,5
929,2021-11-21,Opp-2,Home,Clear,Good,W,5
930,2021-11-28,Opp-5,Home,Clear,Poor,W,5
931,2021-12-05,Opp-1,Away,Clear,Good,W,5
932,2021-12-12,Opp-3,Away,Rain,Average,L,5
933,2021-12-19,Opp-8,Home,Clear,Average,W,5
934,2021-12-26,Opp-1,Away,Rain,Good,W,5
935,2022-01-02,Opp-4,Away,Hot,Average,D,5
936,2022-01-09,Opp-10,Away,Rain,Average,W,5
937,2022-01-16,Opp-2,Away,Clear,Poor,W,5
938,2022-01-23,Opp-2,Home,Cloudy,Poor,L,5
939,2022-01-30,Opp-2,Home,Clear,Average,W,5
940,2022-02-06,Opp-4,Away,Clear,Good,W,5
941,2022-02-13,Opp-9,Home,Rain,Good,D,5
942,2022-02-20,Opp-6,Home,Clear,Poor,L,5
943,2022-02-27,Opp-3,Home,Clear,Average,W,5
944,2022-03-06,Opp-8,Away,Clear,Good,L,5
945,2022-03-13,Opp-10,Home,Clear,Average,W,5
946,2022-03-20,Opp-2,Away,Cold,Good,W,5
947,2022-03-27,Opp-5,Home,Clear,Good,D,5
948,2022-04-03,Opp-6,Home,Rain,Good,L,5
949,2022-04-10,Opp-9,Home,Cloudy,Average,W,5
950,2022-04-17,Opp-6,Home,Rain,Good,D,5
951,2021-08-01,Opp-9,Away,Hot,Good,D,6
952,2021-08-08,Opp-6,Home,Clear,Average,D,6
953,2021-08-15,Opp-9,Home,Clear,Good,D,6
954,2021-08-22,Opp-3,Away,Clear,Good,L,6
955,2021-08-29,Opp-9,Home,Cloudy,Poor,W,6
956,2021-09-05,Opp-3,Away,Clear,Average,D,6
957,2021-09-12,Opp-8,Home,Rain,Average,W,6
958,2021-09-19,Opp-4,Away,Cloudy,Good,W,6
959,2021-09-26,Opp-9,Away,Cloudy,Good,W,6
960,2021-10-03,Opp-10,Home,Hot,Good,W,6
961,2021-10-10,Opp-5,Home,Rain,Good,D,6
962,2021-10-17,Opp-4,Home,Clear,Average,W,6
963,2021-10-24,Opp-2,Home,Hot,Good,D,6
964,2021-10-31,Opp-4,Home,Cloudy,Average,L,6
965,2021-11-07,Opp-1,Away,Clear,Poor,D,6
966,2021-11-14,Opp-7,Away,Clear,Average,D,6
967,2021-11-21,Opp-4,Home,Cloudy,Average,L,6
968,2021-11-28,Opp-9,Home,Clear,Average,D,6
969,2021-12-05,Opp-1,Away,Rain,Average,W,6
970,2021-12-12,Opp-7,Home,Rain,Good,L,6
971,2021-12-19,Opp-1,Home,Clear,Poor,D,6
972,2021-12-26,Opp-9,Home,Rain,Average,W,6
973,2022-01-02,Opp-9,Home,Rain,Average,W,6
974,2022-01-09,Opp-3,Away,Clear,Average,W,6
975,2022-01-16,Opp-9,Away,Clear,Good,D,6
976,2022-01-23,Opp-5,Home,Hot,Good,L,6
977,2022-01-30,Opp-1,Away,Rain,Poor,L,6
978,2022-02-06,Opp-8,Home,Clear,Average,D,6
979,2022-02-13,Opp-8,Home,Rain,Good,D,6
980,2022-02-20,Opp-9,Home,Hot,Poor,L,6
981,2022-02-27,Opp-5,Away,Clear,Good,D,6
982,2022-03-06,Opp-9,Home,Hot,Good,L,6
983,2022-03-13,Opp-1,Away,Clear,Good,L,6
984,2022-03-20,Opp-9,Away,Cloudy,Good,W,6
985,2022-03-27,Opp-1,Home,Cloudy,Good,D,6
986,2022-04-03,Opp-10,Home,Cloudy,Average,D,6
987,2022-04-10,Opp-3,Home,Clear,Poor,D,6
988,2022-04-17,Opp-8,Home,Cloudy,Good,D,6
989,2021-08-01,Opp-1,Home,Hot,Average,D,7
990,2021-08-08,Opp-7,Home,Rain,Good,D,7
991,2021-08-15,Opp-3,Home,Rain,Average,W,7
992,2021-08-22,Opp-9,Away,Cloudy,Average,D,7
993,2021-08-29,Opp-10,Away,Rain,Good,W,7
994,2021-09-05,Opp-1,Away,Clear,Poor,L,7
995,2021-09-12,Opp-6,Home,Clear,Good,W,7
996,2021-09-19,Opp-7,Away,Clear,Good,D,7
997,2021-09-26,Opp-5,Away,Hot,Average,W,7
998,2021-10-03,Opp-10,Away,Clear,Average,D,7
999,2021-10-10,Opp-6,Away,Cloudy,Good,W,7
1000,2021-10-17,Opp-1,Home,Clear,Average,L,7
1001,2021-10-24,Opp-8,Away,Clear,Good,L,7
1002,2021-10-31,Opp-9,Home,Cold,Average,L,7
1003,2021-11-07,Opp-3,Home,Rain,Good,L,7
1004,2021-11-14,Opp-3,Away,Hot,Good,W,7
1005,2021-11-21,Opp-4,Away,Clear,Good,L,7
1006,2021-11-28,Opp-3,Away,Cloudy,Good,D,7
1007,2021-12-05,Opp-2,Home,Hot,Good,W,7
1008,2021-12-12,Opp-5,Away,Cloudy,Good,W,7
1009,2021-12-19,Opp-3,Home,Rain,Good,D,7
1010,2021-12-26,Opp-8,Home,Clear,Good,L,7
1011,2022-01-02,Opp-4,Home,Hot,Good,W,7
1012,2022-01-09,Opp-1,Home,Hot,Good,L,7
1013,2022-01-16,Opp-1,Home,Rain,Good,W,7
1014,2022-01-23,Opp-3,Home,Clear,Average,D,7
1015,2022-01-30,Opp-7,Away,Clear,Poor,W,7
1016,2022-02-06,Opp-7,Home,Rain,Good,L,7
1017,2022-02-13,Opp-2,Home,Clear,Good,W,7
1018,2022-02-20,Opp-4,Home,Clear,Good,W,7
1019,2022-02-27,Opp-9,Away,Cloudy,Good,L,7
1020,2022-03-06,Opp-8,Away,Cloudy,Good,W,7
1021,2022-03-13,Opp-1,Home,Clear,Good,W,7
1022,2022-03-20,Opp-9,Away,Hot,Average,W,7
1023,2022-03-27,Opp-8,Away,Clear,Good,D,7
1024,2022-04-03,Opp-5,Home,Rain,Average,W,7
1025,2022-04-10,Opp-8,Home,Cloudy,Average,L,7
1026,2022-04-17,Opp-10,Home,Clear,Poor,L,7
1027,2021-08-01,Opp-5,Home,Clear,Good,D,8
1028,2021-08-08,Opp-6,Away,Clear,Good,W,8
1029,2021-08-15,Opp-10,Home,Cold,Average,W,8
1030,2021-08-22,Opp-10,Away,Clear,Good,L,8
1031,2021-08-29,Opp-1,Away,Clear,Good,D,8
1032,2021-09-05,Opp-9,Away,Cloudy,Good,L,8
1033,2021-09-12,Opp-1,Home,Cold,Good,W,8
1034,2021-09-19,Opp-1,Home,Cold,Good,D,8
1035,2021-09-26,Opp-2,Away,Clear,Good,W,8
1036,2021-10-03,Opp-1,Away,Clear,Good,L,8
1037,2021-10-10,Opp-2,Away,Clear,Poor,D,8
1038,2021-10-17,Opp-7,Home,Rain,Poor,D,8
1039,2021-10-24,Opp-2,Home,Hot,Good,D,8
1040,2021-10-31,Opp-9,Home,Clear,Average,L,8
1041,2021-11-07,Opp-10,Home,Clear,Good,D,8
1042,2021-11-14,Opp-3,Away,Clear,Good,W,8
1043,2021-11-21,Opp-4,Away,Cloudy,Poor,W,8
1044,2021-11-28,Opp-6,Home,Cloudy,Good,W,8
1045,2021-12-05,Opp-6,Home,Rain,Poor,W,8
1046,2021-12-12,Opp-1,Home,Clear,Poor,W,8
1047,2021-12-19,Opp-3,Away,Hot,Good,L,8
1048,2021-12-26,Opp-8,Home,Rain,Good,W,8
1049,2022-01-02,Opp-8,Home,Cloudy,Good,W,8
1050,2022-01-09,Opp-2,Away,Clear,Good,W,8
1051,2022-01-16,Opp-1,Home,Cloudy,Good,D,8
1052,2022-01-23,Opp-9,Away,Cloudy,Average,L,8
1053,2022-01-30,Opp-2,Away,Clear,Good,L,8
1054,2022-02-06,Opp-1,Home,Rain,Good,W,8
1055,2022-02-13,Opp-5,Home,Clear,Average,D,8
1056,2022-02-20,Opp-1,Home,Cloudy,Good,D,8
1057,2022-02-27,Opp-5,Away,Cloudy,Good,W,8
1058,2022-03-06,Opp-9,Away,Cloudy,Good,W,8
1059,2022-03-13,Opp-5,Home,Rain,Average,W,8
1060,2022-03-20,Opp-1,Home,Rain,Good,D,8
1061,2022-03-27,Opp-10,Away,Clear,Good,D,8
1062,2022-04-03,Opp-3,Home,Hot,Average,W,8
1063,2022-04-10,Opp-5,Home,Rain,Average,D,8
1064,2022-04-17,Opp-3,Home,Clear,Good,D,8
1065,2021-08-01,Opp-4,Home,Rain,Poor,L,9
1066,2021-08-08,Opp-7,Away,Clear,Average,W,9
1067,2021-08-15,Opp-5,Away,Cloudy,Average,D,9
1068,2021-08-22,Opp-7,Away,Cloudy,Good,W,9
1069,2021-08-29,Opp-1,Away,Cloudy,Good,L,9
1070,2021-09-05,Opp-1,Home,Rain,Average,D,9
1071,2021-09-12,Opp-1,Home,Clear,Good,W,9
1072,2021-09-19,Opp-1,Home,Rain,Good,L,9
1073,2021-09-26,Opp-3,Home,Clear,Average,W,9
1074,2021-10-03,Opp-1,Away,Rain,Poor,L,9
1075,2021-10-10,Opp-7,Home,Clear,Good,D,9
1076,2021-10-17,Opp-2,Home,Cloudy,Good,L,9
1077,2021-10-24,Opp-8,Home,Cloudy,Poor,W,9
1078,2021-10-31,Opp-6,Away,Hot,Good,W,9
1079,2021-11-07,Opp-10,Away,Clear,Good,D,9
1080,2021-11-14,Opp-8,Home,Cloudy,Average,W,9
1081,2021-11-21,Opp-1,Away,Clear,Good,D,9
1082,2021-11-28,Opp-3,Away,Hot,Average,L,9
1083,2021-12-05,Opp-2,Away,Cloudy,Good,W,9
1084,2021-12-12,Opp-3,Away,Clear,Good,D,9
1085,2021-12-19,Opp-5,Away,Clear,Good,W,9
1086,2021-12-26,Opp-9,Away,Rain,Good,L,9
1087,2022-01-02,Opp-6,Home,Clear,Poor,D,9
1088,2022-01-09,Opp-7,Away,Cloudy,Average,D,9
1089,2022-01-16,Opp-5,Home,Clear,Good,D,9
1090,2022-01-23,Opp-10,Away,Clear,Average,W,9
1091,2022-01-30,Opp-7,Home,Clear,Average,W,9
1092,2022-02-06,Opp-6,Home,Cold,Average,L,9
1093,2022-02-13,Opp-4,Away,Rain,Poor,L,9
1094,2022-02-20,Opp-3,Home,Clear,Good,D,9
1095,2022-02-27,Opp-9,Home,Clear,Average,D,9
1096,2022-03-06,Opp-6,Away,Clear,Average,L,9
1097,2022-03-13,Opp-1,Away,Clear,Good,L,9
1098,2022-03-20,Opp-5,Home,Clear,Average,W,9
1099,2022-03-27,Opp-2,Away,Rain,Average,L,9
1100,2022-04-03,Opp-9,Home,Clear,Good,L,9
1101,2022-04-10,Opp-6,Home,Clear,Average,W,9
1102,2022-04-17,Opp-5,Away,Cloudy,Average,D,9
1103,2021-08-01,Opp-9,Away,Clear,Average,W,10
1104,2021-08-08,Opp-9,Home,Hot,Average,D,10
1105,2021-08-15,Opp-1,Away,Hot,Average,L,10
1106,2021-08-22,Opp-7,Home,Cloudy,Good,W,10
1107,2021-08-29,Opp-9,Away,Clear,Good,W,10
1108,2021-09-05,Opp-6,Away,Cloudy,Good,W,10
1109,2021-09-12,Opp-2,Away,Clear,Average,D,10
1110,2021-09-19,Opp-8,Away,Rain,Average,D,10
1111,2021-09-26,Opp-9,Away,Clear,Average,L,10
1112,2021-10-03,Opp-1,Home,Rain,Good,L,10
1113,2021-10-10,Opp-10,Away,Clear,Average,D,10
1114,2021-10-17,Opp-8,Away,Cloudy,Good,L,10
1115,2021-10-24,Opp-5,Home,Clear,Poor,D,10
1116,2021-10-31,Opp-3,Away,Rain,Good,W,10
1117,2021-11-07,Opp-1,Away,Rain,Good,L,10
1118,2021-11-14,Opp-3,Away,Cloudy,Good,D,10
1119,2021-11-21,Opp-10,Away,Clear,Average,W,10
1120,2021-11-28,Opp-7,Home,Clear,Good,D,10
1121,2021-12-05,Opp-4,Home,Clear,Good,W,10
1122,2021-12-12,Opp-7,Home,Cloudy,Good,L,10
1123,2021-12-19,Opp-6,Away,Cloudy,Poor,D,10
1124,2021-12-26,Opp-3,Home,Clear,Good,L,10
1125,2022-01-02,Opp-6,Home,Cloudy,Poor,D,10
1126,2022-01-09,Opp-8,Home,Cold,Good,W,10
1127,2022-01-16,Opp-6,Away,Cloudy,Average,D,10
1128,2022-01-23,Opp-8,Away,Clear,Average,W,10
1129,2022-01-30,Opp-2,Away,Clear,Average,W,10
1130,2022-02-06,Opp-1,Home,Cloudy,Average,L,10
1131,2022-02-13,Opp-6,Home,Rain,Good,L,10
1132,2022-02-20,Opp-6,Away,Clear,Good,D,10
1133,2022-02-27,Opp-9,Away,Cloudy,Average,L,10
1134,2022-03-06,Opp-7,Away,Rain,Good,W,10
1135,2022-03-13,Opp-10,Home,Rain,Average,L,10
1136,2022-03-20,Opp-10,Home,Clear,Average,W,10
1137,2022-03-27,Opp-8,Home,Clear,Average,D,10
1138,2022-04-03,Opp-5,Away,Cloudy,Good,W,10
1139,2022-04-10,Opp-3,Away,Clear,Good,L,10
1140,2022-04-17,Opp-9,Home,Clear,Good,W,10
1141,2022-08-01,Opp-9,Away,Clear,Good,L,1
1142,2022-08-08,Opp-2,Home,Clear,Good,W,1
1143,2022-08-15,Opp-2,Home,Clear,Good,W,1
1144,2022-08-22,Opp-1,Away,Clear,Average,L,1
1145,2022-08-29,Opp-2,Home,Rain,Good,L,1
1146,2022-09-05,Opp-3,Home,Cloudy,Good,W,1
1147,2022-09-12,Opp-4,Home,Clear,Average,W,1
1148,2022-09-19,Opp-1,Home,Hot,Average,D,1
1149,2022-09-26,Opp-9,Away,Cloudy,Good,D,1
1150,2022-10-03,Opp-3,Away,Clear,Poor,W,1
1151,2022-10-10,Opp-10,Away,Rain,Good,D,1
1152,2022-10-17,Opp-2,Away,Cloudy,Average,L,1
1153,2022-10-24,Opp-7,Home,Clear,Good,D,1
1154,2022-10-31,Opp-6,Home,Clear,Good,L,1
1155,2022-11-07,Opp-9,Home,Rain,Good,L,1
1156,2022-11-14,Opp-3,Away,Hot,Good,W,1
1157,2022-11-21,Opp-6,Away,Clear,Good,D,1
1158,2022-11-28,Opp-1,Away,Cloudy,Good,L,1
1159,2022-12-05,Opp-2,Home,Cloudy,Good,D,1
1160,2022-12-12,Opp-7,Home,Rain,Good,L,1
1161,2022-12-19,Opp-6,Home,Clear,Average,D,1
1162,2022-12-26,Opp-3,Away,Rain,Good,W,1
1163,2023-01-02,Opp-8,Home,Rain,Good,L,1
1164,2023-01-09,Opp-8,Home,Cloudy,Good,W,1
1165,2023-01-16,Opp-9,Away,Clear,Good,W,1
1166,2023-01-23,Opp-1,Home,Cold,Good,W,1
1167,2023-01-30,Opp-1,Home,Hot,Average,L,1
1168,2023-02-06,Opp-1,Home,Rain,Good,L,1
1169,2023-02-13,Opp-6,Home,Clear,Good,L,1
1170,2023-02-20,Opp-8,Home,Cloudy,Poor,W,1
1171,2023-02-27,Opp-1,Away,Cold,Poor,L,1
1172,2023-03-06,Opp-3,Home,Cold,Good,D,1
1173,2023-03-13,Opp-8,Away,Rain,Poor,L,1
1174,2023-03-20,Opp-7,Home,Clear,Average,W,1
1175,2023-03-27,Opp-4,Away,Hot,Good,W,1
1176,2023-04-03,Opp-10,Away,Clear,Good,W,1
1177,2023-04-10,Opp-3,Away,Cloudy,Good,L,1
1178,2023-04-17,Opp-5,Home,Clear,Average,D,1
1179,2022-08-01,Opp-3,Away,Clear,Good,L,2
1180,2022-08-08,Opp-3,Home,Rain,Good,D,2
1181,2022-08-15,Opp-5,Home,Clear,Good,W,2
1182,2022-08-22,Opp-3,Home,Hot,Good,L,2
1183,2022-08-29,Opp-10,Home,Cold,Good,W,2
1184,2022-09-05,Opp-4,Away,Clear,Average,W,2
1185,2022-09-12,Opp-9,Away,Rain,Good,D,2
1186,2022-09-19,Opp-7,Home,Rain,Good,L,2
1187,2022-09-26,Opp-10,Home,Rain,Average,W,2
1188,2022-10-03,Opp-4,Away,Clear,Good,L,2
1189,2022-10-10,Opp-7,Away,Clear,Average,W,2
1190,2022-10-17,Opp-9,Away,Clear,Good,L,2
1191,2022-10-24,Opp-10,Away,Clear,Good,L,2
1192,2022-10-31,Opp-10,Away,Cloudy,Good,L,2
1193,2022-11-07,Opp-3,Home,Rain,Good,W,2
1194,2022-11-14,Opp-9,Away,Rain,Average,W,2
1195,2022-11-21,Opp-6,Home,Cloudy,Good,L,2
1196,2022-11-28,Opp-4,Home,Hot,Good,L,2
1197,2022-12-05,Opp-9,Home,Clear,Average,W,2
1198,2022-12-12,Opp-7,Home,Cloudy,Average,D,2
1199,2022-12-19,Opp-7,Home,Cloudy,Average,D,2
1200,2022-12-26,Opp-10,Home,Clear,Good,W,2
1201,2023-01-02,Opp-4,Away,Cloudy,Good,W,2
1202,2023-01-09,Opp-6,Home,Hot,Average,W,2
1203,2023-01-16,Opp-6,Home,Clear,Poor,W,2
1204,2023-01-23,Opp-1,Home,Rain,Average,W,2
1205,2023-01-30,Opp-4,Away,Cold,Good,W,2
1206,2023-02-06,Opp-10,Away,Cloudy,Good,L,2
1207,2023-02-13,Opp-1,Home,Clear,Average,W,2
1208,2023-02-20,Opp-3,Home,Cloudy,Good,D,2
1209,2023-02-27,Opp-7,Away,Clear,Good,W,2
1210,2023-03-06,Opp-10,Away,Clear,Good,D,2
1211,2023-03-13,Opp-6,Away,Clear,Average,W,2
1212,2023-03-20,Opp-4,Away,Rain,Good,L,2
1213,2023-03-27,Opp-10,Home,Clear,Good,L,2
1214,2023-04-03,Opp-6,Home,Hot,Good,W,2
1215,2023-04-10,Opp-3,Away,Clear,Average,W,2
1216,2023-04-17,Opp-3,Home,Rain,Good,W,2
1217,2022-08-01,Opp-5,Home,Cloudy,Average,L,3
1218,2022-08-08,Opp-7,Home,Rain,Good,L,3
1219,2022-08-15,Opp-1,Away,Rain,Good,W,3
1220,2022-08-22,Opp-9,Home,Clear,Average,W,3
1221,2022-08-29,Opp-9,Away,Clear,Good,W,3
1222,2022-09-05,Opp-10,Home,Clear,Good,L,3
1223,2022-09-12,Opp-10,Home,Clear,Good,D,3
1224,2022-09-19,Opp-2,Home,Clear,Good,D,3
1225,2022-09-26,Opp-8,Away,Rain,Good,L,3
1226,2022-10-03,Opp-5,Home,Rain,Good,W,3
1227,2022-10-10,Opp-9,Home,Clear,Good,L,3
1228,2022-10-17,Opp-5,Away,Rain,Good,W,3
1229,2022-10-24,Opp-3,Home,Clear,Average,L,3
1230,2022-10-31,Opp-6,Home,Clear,Good,W,3
1231,2022-11-07,Opp-9,Home,Clear,Good,D,3
1232,2022-11-14,Opp-8,Home,Rain,Good,W,3
1233,2022-11-21,Opp-5,Away,Rain,Average,W,3
1234,2022-11-28,Opp-1,Home,Rain,Average,D,3
1235,2022-12-05,Opp-5,Home,Rain,Good,W,3
1236,2022-12-12,Opp-7,Away,Cold,Good,D,3
1237,2022-12-19,Opp-1,Away,Clear,Good,W,3
1238,2022-12-26,Opp-8,Away,Clear,Good,L,3
1239,2023-01-02,Opp-3,Home,Rain,Good,D,3
1240,2023-01-09,Opp-7,Home,Rain,Good,W,3
1241,2023-01-16,Opp-9,Away,Clear,Good,W,3
1242,2023-01-23,Opp-1,Home,Clear,Good,L,3
1243,2023-01-30,Opp-6,Away,Rain,Good,W,3
1244,2023-02-06,Opp-5,Away,Rain,Good,W,3
1245,2023-02-13,Opp-10,Away,Cloudy,Good,L,3
1246,2023-02-20,Opp-7,Home,Cloudy,Good,W,3
1247,2023-02-27,Opp-1,Home,Clear,Good,W,3
1248,2023-03-06,Opp-3,Away,Cold,Average,L,3
1249,2023-03-13,Opp-3,Home,Clear,Average,L,3
1250,2023-03-20,Opp-4,Home,Rain,Good,W,3
1251,2023-03-27,Opp-5,Away,Clear,Poor,L,3
1252,2023-04-03,Opp-7,Home,Clear,Good,W,3
1253,2023-04-10,Opp-10,Away,Cloudy,Poor,D,3
1254,2023-04-17,Opp-2,Away,Cloudy,Good,W,3
1255,2022-08-01,Opp-7,Home,Hot,Good,L,4
1256,2022-08-08,Opp-8,Home,Cloudy,Average,W,4
1257,2022-08-15,Opp-9,Home,Rain,Average,W,4
1258,2022-08-22,Opp-9,Away,Clear,Good,L,4
1259,2022-08-29,Opp-9,Home,Clear,Average,L,4
1260,2022-09-05,Opp-6,Away,Hot,Good,W,4
1261,2022-09-12,Opp-4,Away,Cloudy,Good,D,4
1262,2022-09-19,Opp-2,Home,Clear,Good,W,4
1263,2022-09-26,Opp-2,Home,Cloudy,Good,L,4
1264,2022-10-03,Opp-6,Away,Clear,Good,W,4
1265,2022-10-10,Opp-7,Away,Cold,Average,W,4
1266,2022-10-17,Opp-4,Away,Cloudy,Average,L,4
1267,2022-10-24,Opp-5,Home,Rain,Average,W,4
1268,2022-10-31,Opp-4,Away,Cloudy,Good,W,4
1269,2022-11-07,Opp-1,Home,Cold,Average,L,4
1270,2022-11-14,Opp-10,Home,Rain,Good,L,4
1271,2022-11-21,Opp-3,Home,Cloudy,Average,L,4
1272,2022-11-28,Opp-6,Home,Clear,Good,L,4
1273,2022-12-05,Opp-1,Home,Rain,Good,W,4
1274,2022-12-12,Opp-8,Home,Clear,Good,L,4
1275,2022-12-19,Opp-4,Home,Clear,Good,D,4
1276,2022-12-26,Opp-9,Home,Cloudy,Good,L,4
1277,2023-01-02,Opp-1,Away,Rain,Good,D,4
1278,2023-01-09,Opp-7,Away,Hot,Average,W,4
1279,2023-01-16,Opp-8,Away,Clear,Poor,L,4
1280,2023-01-23,Opp-1,Away,Cloudy,Poor,W,4
1281,2023-01-30,Opp-3,Home,Clear,Good,W,4
1282,2023-02-06,Opp-8,Away,Rain,Good,L,4
1283,2023-02-13,Opp-7,Away,Clear,Good,L,4
1284,2023-02-20,Opp-4,Away,Rain,Good,D,4
1285,2023-02-27,Opp-10,Home,Rain,Good,D,4
1286,2023-03-06,Opp-1,Away,Cold,Good,W,4
1287,2023-03-13,Opp-9,Away,Cloudy,Average,L,4
1288,2023-03-20,Opp-6,Home,Rain,Good,D,4
1289,2023-03-27,Opp-6,Away,Hot,Average,D,4
1290,2023-04-03,Opp-7,Away,Clear,Good,L,4
1291,2023-04-10,Opp-2,Home,Clear,Good,D,4
1292,2023-04-17,Opp-7,Home,Cloudy,Good,W,4
1293,2022-08-01,Opp-9,Away,Clear,Average,L,5
1294,2022-08-08,Opp-5,Home,Cloudy,Good,W,5
1295,2022-08-15,Opp-4,Away,Rain,Average,L,5
1296,2022-08-22,Opp-6,Away,Rain,Good,D,5
1297,2022-08-29,Opp-4,Away,Rain,Good,L,5
1298,2022-09-05,Opp-1,Home,Cloudy,Average,W,5
1299,2022-09-12,Opp-4,Away,Rain,Good,L,5
1300,2022-09-19,Opp-5,Away,Rain,Good,W,5
1301,2022-09-26,Opp-4,Away,Cloudy,Good,W,5
1302,2022-10-03,Opp-6,Home,Clear,Good,L,5
1303,2022-10-10,Opp-6,Away,Clear,Good,W,5
1304,2022-10-17,Opp-10,Home,Clear,Good,W,5
1305,2022-10-24,Opp-1,Home,Hot,Average,D,5
1306,2022-10-31,Opp-3,Away,Clear,Good,L,5
1307,2022-11-07,Opp-5,Home,Clear,Good,W,5
1308,2022-11-14,Opp-5,Away,Hot,Good,D,5
1309,2022-11-21,Opp-6,Away,Clear,Average,L,5
1310,2022-11-28,Opp-7,Away,Cold,Good,W,5
1311,2022-12-05,Opp-8,Away,Rain,Good,D,5
1312,2022-12-12,Opp-1,Away,Cloudy,Poor,D,5
1313,2022-12-19,Opp-2,Away,Clear,Good,W,5
1314,2022-12-26,Opp-6,Away,Clear,Good,W,5
1315,2023-01-02,Opp-3,Away,Rain,Good,D,5
1316,2023-01-09,Opp-10,Away,Cloudy,Good,W,5
1317,2023-01-16,Opp-9,Home,Clear,Poor,D,5
1318,2023-01-23,Opp-10,Home,Clear,Good,W,5
1319,2023-01-30,Opp-2,Home,Cloudy,Good,W,5
1320,2023-02-06,Opp-10,Away,Cloudy,Good,W,5
1321,2023-02-13,Opp-4,Away,Cold,Good,W,5
1322,2023-02-20,Opp-7,Home,Rain,Poor,W,5
1323,2023-02-27,Opp-4,Away,Clear,Good,D,5
1324,2023-03-06,Opp-3,Away,Cloudy,Good,W,5
1325,2023-03-13,Opp-1,Home,Cloudy,Good,W,5
1326,2023-03-20,Opp-5,Away,Cloudy,Good,L,5
1327,2023-03-27,Opp-2,Home,Cloudy,Average,L,5
1328,2023-04-03,Opp-8,Home,Cloudy,Poor,L,5
1329,2023-04-10,Opp-6,Home,Clear,Good,L,5
1330,2023-04-17,Opp-6,Home,Rain,Average,W,5
1331,2022-08-01,Opp-10,Away,Rain,Average,W,6
1332,2022-08-08,Opp-5,Away,Rain,Average,L,6
1333,2022-08-15,Opp-1,Away,Rain,Average,D,6
1334,2022-08-22,Opp-8,Home,Clear,Good,L,6
1335,2022-08-29,Opp-8,Home,Clear,Poor,W,6
1336,2022-09-05,Opp-9,Home,Cloudy,Good,W,6
1337,2022-09-12,Opp-2,Away,Clear,Average,L,6
1338,2022-09-19,Opp-5,Home,Clear,Average,W,6
1339,2022-09-26,Opp-6,Away,Rain,Good,W,6
1340,2022-10-03,Opp-6,Home,Clear,Good,W,6
1341,2022-10-10,Opp-5,Away,Clear,Good,D,6
1342,2022-10-17,Opp-5,Away,Clear,Good,W,6
1343,2022-10-24,Opp-5,Away,Cloudy,Good,D,6
1344,2022-10-31,Opp-6,Home,Cold,Good,L,6
1345,2022-11-07,Opp-10,Away,Clear,Good,W,6
1346,2022-11-14,Opp-8,Home,Clear,Good,W,6
1347,2022-11-21,Opp-10,Away,Clear,Good,L,6
1348,2022-11-28,Opp-4,Home,Clear,Good,D,6
1349,2022-12-05,Opp-10,Home,Rain,Good,D,6
1350,2022-12-12,Opp-2,Away,Rain,Good,W,6
1351,2022-12-19,Opp-9,Home,Clear,Good,W,6
1352,2022-12-26,Opp-1,Home,Clear,Average,W,6
1353,2023-01-02,Opp-3,Home,Cloudy,Good,L,6
1354,2023-01-09,Opp-7,Away,Clear,Average,W,6
1355,2023-01-16,Opp-6,Away,Cloudy,Good,D,6
1356,2023-01-23,Opp-6,Away,Hot,Good,D,6
1357,2023-01-30,Opp-5,Away,Rain,Good,W,6
1358,2023-02-06,Opp-4,Home,Hot,Good,L,6
1359,2023-02-13,Opp-3,Away,Cold,Average,W,6
1360,2023-02-20,Opp-1,Home,Clear,Average,D,6
1361,2023-02-27,Opp-8,Home,Clear,Good,D,6
1362,2023-03-06,Opp-7,Home,Rain,Average,L,6
1363,2023-03-13,Opp-5,Home,Cloudy,Average,W,6
1364,2023-03-20,Opp-3,Away,Clear,Good,L,6
1365,2023-03-27,Opp-10,Home,Clear,Good,W,6
1366,2023-04-03,Opp-1,Away,Hot,Poor,D,6
1367,2023-04-10,Opp-10,Home,Clear,Good,W,6
1368,2023-04-17,Opp-4,Home,Clear,Average,W,6
1369,2022-08-01,Opp-4,Home,Clear,Good,W,7
1370,2022-08-08,Opp-7,Home,Clear,Good,W,7
1371,2022-08-15,Opp-2,Away,Cloudy,Average,D,7
1372,2022-08-22,Opp-9,Home,Cloudy,Good,W,7
1373,2022-08-29,Opp-6,Home,Clear,Good,D,7
1374,2022-09-05,Opp-1,Away,Clear,Average,L,7
1375,2022-09-12,Opp-9,Away,Clear,Good,D,7
1376,2022-09-19,Opp-6,Away,Clear,Good,W,7
1377,2022-09-26,Opp-7,Home,Rain,Average,D,7
1378,2022-10-03,Opp-8,Home,Rain,Good,L,7
1379,2022-10-10,Opp-4,Home,Hot,Poor,W,7
1380,2022-10-17,Opp-7,Home,Rain,Poor,D,7
1381,2022-10-24,Opp-1,Home,Rain,Good,D,7
1382,2022-10-31,Opp-5,Away,Clear,Good,W,7
1383,2022-11-07,Opp-10,Away,Clear,Good,D,7
1384,2022-11-14,Opp-10,Away,Rain,Average,D,7
1385,2022-11-21,Opp-6,Home,Cloudy,Average,D,7
1386,2022-11-28,Opp-6,Home,Cloudy,Good,W,7
1387,2022-12-05,Opp-6,Away,Clear,Good,L,7
1388,2022-12-12,Opp-8,Away,Cloudy,Good,D,7
1389,2022-12-19,Opp-3,Away,Rain,Good,W,7
1390,2022-12-26,Opp-3,Away,Cloudy,Average,W,7
1391,2023-01-02,Opp-5,Home,Cold,Good,L,7
1392,2023-01-09,Opp-5,Home,Clear,Average,L,7
1393,2023-01-16,Opp-6,Home,Clear,Good,D,7
1394,2023-01-23,Opp-7,Away,Hot,Good,D,7
1395,2023-01-30,Opp-1,Home,Clear,Good,L,7
1396,2023-02-06,Opp-3,Away,Clear,Average,D,7
1397,2023-02-13,Opp-4,Home,Hot,Good,L,7
1398,2023-02-20,Opp-7,Home,Clear,Good,W,7
1399,2023-02-27,Opp-3,Away,Cloudy,Average,W,7
1400,2023-03-06,Opp-1,Away,Cloudy,Poor,W,7
1401,2023-03-13,Opp-5,Away,Clear,Good,W,7
1402,2023-03-20,Opp-10,Away,Cloudy,Poor,L,7
1403,2023-03-27,Opp-7,Home,Rain,Poor,W,7
1404,2023-04-03,Opp-5,Away,Clear,Good,W,7
1405,2023-04-10,Opp-7,Away,Rain,Average,L,7
1406,2023-04-17,Opp-8,Home,Clear,Good,W,7
1407,2022-08-01,Opp-9,Away,Clear,Good,W,8
1408,2022-08-08,Opp-3,Home,Rain,Average,L,8
1409,2022-08-15,Opp-1,Home,Clear,Good,W,8
1410,2022-08-22,Opp-1,Home,Rain,Average,L,8
1411,2022-08-29,Opp-3,Away,Cloudy,Good,D,8
1412,2022-09-05,Opp-8,Away,Clear,Good,L,8
1413,2022-09-12,Opp-7,Away,Rain,Good,W,8
1414,2022-09-19,Opp-7,Away,Clear,Good,W,8
1415,2022-09-26,Opp-1,Home,Cloudy,Good,L,8
1416,2022-10-03,Opp-7,Home,Clear,Average,D,8
1417,2022-10-10,Opp-3,Away,Cloudy,Good,W,8
1418,2022-10-17,Opp-1,Away,Cold,Average,L,8
1419,2022-10-24,Opp-10,Away,Cold,Good,L,8
1420,2022-10-31,Opp-7,Away,Clear,Good,L,8
1421,2022-11-07,Opp-7,Home,Cloudy,Average,W,8
1422,2022-11-14,Opp-10,Away,Clear,Good,D,8
1423,2022-11-21,Opp-8,Home,Cloudy,Good,D,8
1424,2022-11-28,Opp-1,Home,Cloudy,Average,D,8
1425,2022-12-05,Opp-10,Home,Clear,Good,D,8
1426,2022-12-12,Opp-6,Away,Rain,Good,L,8
1427,2022-12-19,Opp-10,Away,Clear,Good,W,8
1428,2022-12-26,Opp-7,Home,Clear,Average,D,8
1429,2023-01-02,Opp-4,Home,Clear,Average,D,8
1430,2023-01-09,Opp-3,Home,Cloudy,Good,D,8
1431,2023-01-16,Opp-2,Home,Cold,Good,W,8
1432,2023-01-23,Opp-1,Away,Hot,Good,L,8
1433,2023-01-30,Opp-9,Away,Clear,Average,L,8
1434,2023-02-06,Opp-3,Away,Cloudy,Average,W,8
1435,2023-02-13,Opp-8,Home,Hot,Good,D,8
1436,2023-02-20,Opp-6,Away,Cloudy,Poor,L,8
1437,2023-02-27,Opp-3,Away,Cloudy,Good,D,8
1438,2023-03-06,Opp-6,Away,Clear,Good,D,8
1439,2023-03-13,Opp-1,Home,Rain,Good,D,8
1440,2023-03-20,Opp-6,Home,Clear,Good,W,8
1441,2023-03-27,Opp-4,Away,Cloudy,Average,W,8
1442,2023-04-03,Opp-6,Away,Clear,Good,W,8
1443,2023-04-10,Opp-2,Away,Rain,Average,D,8
1444,2023-04-17,Opp-2,Home,Clear,Good,D,8
1445,2022-08-01,Opp-8,Home,Rain,Average,W,9
1446,2022-08-08,Opp-3,Away,Clear,Poor,W,9
1447,2022-08-15,Opp-4,Home,Cloudy,Average,D,9
1448,2022-08-22,Opp-1,Home,Clear,Good,W,9
1449,2022-08-29,Opp-2,Home,Cloudy,Average,W,9
1450,2022-09-05,Opp-5,Away,Cold,Average,W,9
1451,2022-09-12,Opp-4,Home,Cloudy,Poor,L,9
1452,2022-09-19,Opp-9,Away,Rain,Average,D,9
1453,2022-09-26,Opp-8,Home,Clear,Good,D,9
1454,2022-10-03,Opp-2,Away,Cloudy,Average,D,9
1455,2022-10-10,Opp-6,Away,Hot,Good,W,9
1456,2022-10-17,Opp-5,Away,Cloudy,Average,W,9
1457,2022-10-24,Opp-10,Home,Hot,Good,W,9
1458,2022-10-31,Opp-5,Home,Rain,Good,D,9
1459,2022-11-07,Opp-5,Home,Rain,Poor,W,9
1460,2022-11-14,Opp-4,Home,Hot,Average,W,9
1461,2022-11-21,Opp-6,Away,Rain,Good,W,9
1462,2022-11-28,Opp-8,Home,Clear,Poor,D,9
1463,2022-12-05,Opp-9,Home,Rain,Good,D,9
1464,2022-12-12,Opp-6,Home,Rain,Good,L,9
1465,2022-12-19,Opp-8,Home,Clear,Average,L,9
1466,2022-12-26,Opp-9,Away,Hot,Good,W,9
1467,2023-01-02,Opp-7,Home,Clear,Average,L,9
1468,2023-01-09,Opp-6,Away,Rain,Good,L,9
1469,2023-01-16,Opp-6,Away,Clear,Good,L,9
1470,2023-01-23,Opp-2,Away,Rain,Good,L,9
1471,2023-01-30,Opp-8,Away,Clear,Average,D,9
1472,2023-02-06,Opp-3,Home,Hot,Good,W,9
1473,2023-02-13,Opp-9,Away,Clear,Good,L,9
1474,2023-02-20,Opp-8,Away,Rain,Good,W,9
1475,2023-02-27,Opp-5,Away,Clear,Average,W,9
1476,2023-03-06,Opp-6,Home,Cloudy,Good,D,9
1477,2023-03-13,Opp-3,Away,Clear,Good,W,9
1478,2023-03-20,Opp-1,Away,Clear,Good,W,9
1479,2023-03-27,Opp-9,Home,Clear,Good,L,9
1480,2023-04-03,Opp-3,Away,Clear,Average,W,9
1481,2023-04-10,Opp-8,Away,Cloudy,Good,L,9
1482,2023-04-17,Opp-5,Away,Cloudy,Good,W,9
1483,2022-08-01,Opp-5,Away,Clear,Average,W,10
1484,2022-08-08,Opp-1,Home,Cloudy,Average,W,10
1485,2022-08-15,Opp-6,Away,Clear,Good,W,10
1486,2022-08-22,Opp-7,Away,Clear,Average,D,10
1487,2022-08-29,Opp-2,Home,Clear,Good,D,10
1488,2022-09-05,Opp-6,Home,Clear,Good,D,10
1489,2022-09-12,Opp-5,Home,Cold,Good,D,10
1490,2022-09-19,Opp-4,Away,Cloudy,Average,L,10
1491,2022-09-26,Opp-3,Away,Clear,Average,W,10
1492,2022-10-03,Opp-5,Away,Hot,Good,L,10
1493,2022-10-10,Opp-5,Away,Hot,Good,W,10
1494,2022-10-17,Opp-3,Home,Cloudy,Average,L,10
1495,2022-10-24,Opp-7,Home,Clear,Good,D,10
1496,2022-10-31,Opp-4,Away,Clear,Good,W,10
1497,2022-11-07,Opp-5,Away,Clear,Good,D,10
1498,2022-11-14,Opp-8,Away,Rain,Good,L,10
1499,2022-11-21,Opp-5,Away,Clear,Good,W,10
1500,2022-11-28,Opp-3,Home,Cloudy,Good,W,10
1501,2022-12-05,Opp-1,Away,Clear,Good,L,10
1502,2022-12-12,Opp-1,Home,Clear,Good,L,10
1503,2022-12-19,Opp-6,Home,Cloudy,Average,W,10
1504,2022-12-26,Opp-5,Home,Rain,Poor,W,10
1505,2023-01-02,Opp-3,Home,Clear,Average,D,10
1506,2023-01-09,Opp-9,Home,Cloudy,Good,W,10
1507,2023-01-16,Opp-7,Away,Clear,Good,W,10
1508,2023-01-23,Opp-7,Home,Cloudy,Poor,W,10
1509,2023-01-30,Opp-3,Home,Clear,Poor,W,10
1510,2023-02-06,Opp-1,Home,Cloudy,Average,D,10
1511,2023-02-13,Opp-4,Home,Rain,Good,W,10
1512,2023-02-20,Opp-10,Away,Hot,Good,L,10
1513,2023-02-27,Opp-2,Away,Clear,Good,D,10
1514,2023-03-06,Opp-6,Home,Rain,Average,W,10
1515,2023-03-13,Opp-10,Away,Cloudy,Good,W,10
1516,2023-03-20,Opp-2,Home,Clear,Good,D,10
1517,2023-03-27,Opp-8,Away,Cloudy,Good,L,10
1518,2023-04-03,Opp-1,Away,Clear,Poor,W,10
1519,2023-04-10,Opp-10,Home,Clear,Good,L,10
1520,2023-04-17,Opp-6,Home,Rain,Average,L,10
1521,2023-08-01,Opp-3,Home,Clear,Average,D,1
1522,2023-08-08,Opp-5,Away,Clear,Poor,L,1
1523,2023-08-15,Opp-6,Home,Hot,Good,W,1
1524,2023-08-22,Opp-3,Home,Rain,Good,W,1
1525,2023-08-29,Opp-6,Home,Cold,Poor,L,1
1526,2023-09-05,Opp-2,Home,Rain,Good,W,1
1527,2023-09-12,Opp-3,Away,Cloudy,Average,L,1
1528,2023-09-19,Opp-8,Away,Clear,Good,W,1
1529,2023-09-26,Opp-5,Home,Rain,Poor,W,1
1530,2023-10-03,Opp-5,Home,Clear,Good,W,1
1531,2023-10-10,Opp-5,Away,Clear,Poor,L,1
1532,2023-10-17,Opp-3,Away,Cloudy,Good,W,1
1533,2023-10-24,Opp-9,Away,Clear,Good,W,1
1534,2023-10-31,Opp-1,Away,Rain,Good,D,1
1535,2023-11-07,Opp-10,Home,Cloudy,Good,D,1
1536,2023-11-14,Opp-7,Home,Clear,Average,W,1
1537,2023-11-21,Opp-4,Home,Cold,Good,W,1
1538,2023-11-28,Opp-3,Home,Clear,Good,D,1
1539,2023-12-05,Opp-2,Away,Clear,Poor,D,1
1540,2023-12-12,Opp-3,Away,Rain,Average,W,1
1541,2023-12-19,Opp-4,Away,Hot,Good,L,1
1542,2023-12-26,Opp-1,Away,Cloudy,Good,W,1
1543,2024-01-02,Opp-1,Home,Clear,Good,D,1
1544,2024-01-09,Opp-5,Away,Clear,Average,L,1
1545,2024-01-16,Opp-10,Away,Rain,Good,L,1
1546,2024-01-23,Opp-8,Away,Cloudy,Good,D,1
1547,2024-01-30,Opp-3,Away,Clear,Average,W,1
1548,2024-02-06,Opp-7,Away,Cloudy,Good,L,1
1549,2024-02-13,Opp-6,Home,Hot,Average,W,1
1550,2024-02-20,Opp-10,Home,Rain,Average,L,1
1551,2024-02-27,Opp-5,Away,Clear,Average,D,1
1552,2024-03-05,Opp-6,Home,Clear,Poor,W,1
1553,2024-03-12,Opp-9,Away,Clear,Average,D,1
1554,2024-03-19,Opp-2,Home,Rain,Good,L,1
1555,2024-03-26,Opp-7,Home,Rain,Good,W,1
1556,2024-04-02,Opp-8,Away,Cloudy,Good,L,1
1557,2024-04-09,Opp-5,Home,Clear,Poor,W,1
1558,2024-04-16,Opp-4,Away,Cloudy,Average,W,1
1559,2023-08-01,Opp-8,Away,Clear,Good,D,2
1560,2023-08-08,Opp-2,Home,Cloudy,Average,L,2
1561,2023-08-15,Opp-9,Home,Clear,Good,L,2
1562,2023-08-22,Opp-8,Home,Rain,Good,L,2
1563,2023-08-29,Opp-7,Home,Cloudy,Good,W,2
1564,2023-09-05,Opp-8,Away,Clear,Average,L,2
1565,2023-09-12,Opp-7,Away,Clear,Good,W,2
1566,2023-09-19,Opp-10,Away,Cloudy,Poor,L,2
1567,2023-09-26,Opp-3,Home,Cloudy,Average,D,2
1568,2023-10-03,Opp-8,Home,Rain,Average,L,2
1569,2023-10-10,Opp-4,Home,Hot,Good,L,2
1570,2023-10-17,Opp-3,Away,Cloudy,Average,D,2
1571,2023-10-24,Opp-1,Away,Clear,Average,W,2
1572,2023-10-31,Opp-7,Away,Cloudy,Average,L,2
1573,2023-11-07,Opp-6,Away,Cloudy,Good,W,2
1574,2023-11-14,Opp-5,Away,Cloudy,Poor,L,2
1575,2023-11-21,Opp-7,Home,Cloudy,Good,L,2
1576,2023-11-28,Opp-8,Away,Clear,Average,D,2
1577,2023-12-05,Opp-6,Away,Clear,Good,W,2
1578,2023-12-12,Opp-1,Away,Cloudy,Average,D,2
1579,2023-12-19,Opp-6,Away,Clear,Average,L,2
1580,2023-12-26,Opp-4,Home,Cloudy,Good,W,2
1581,2024-01-02,Opp-8,Away,Rain,Average,W,2
1582,2024-01-09,Opp-10,Away,Clear,Average,L,2
1583,2024-01-16,Opp-9,Home,Clear,Good,L,2
1584,2024-01-23,Opp-6,Away,Hot,Average,D,2
1585,2024-01-30,Opp-8,Home,Clear,Average,D,2
1586,2024-02-06,Opp-10,Away,Clear,Good,W,2
1587,2024-02-13,Opp-2,Home,Cloudy,Good,D,2
1588,2024-02-20,Opp-9,Away,Clear,Good,L,2
1589,2024-02-27,Opp-9,Away,Clear,Good,L,2
1590,2024-03-05,Opp-2,Home,Clear,Good,D,2
1591,2024-03-12,Opp-7,Away,Rain,Good,W,2
1592,2024-03-19,Opp-8,Away,Clear,Good,W,2
1593,2024-03-26,Opp-6,Away,Cloudy,Good,L,2
1594,2024-04-02,Opp-3,Home,Clear,Good,W,2
1595,2024-04-09,Opp-10,Away,Rain,Average,L,2
1596,2024-04-16,Opp-2,Away,Cloudy,Good,D,2
1597,2023-08-01,Opp-5,Away,Clear,Average,W,3
1598,2023-08-08,Opp-10,Away,Cold,Good,W,3
1599,2023-08-15,Opp-4,Home,Clear,Good,D,3
1600,2023-08-22,Opp-3,Home,Cloudy,Good,L,3
1601,2023-08-29,Opp-3,Away,Clear,Good,D,3
1602,2023-09-05,Opp-7,Home,Clear,Good,L,3
1603,2023-09-12,Opp-1,Away,Hot,Poor,W,3
1604,2023-09-19,Opp-8,Away,Rain,Good,L,3
1605,2023-09-26,Opp-3,Away,Clear,Average,L,3
1606,2023-10-03,Opp-9,Away,Rain,Poor,W,3
1607,2023-10-10,Opp-8,Home,Clear,Good,W,3
1608,2023-10-17,Opp-10,Away,Hot,Good,W,3
1609,2023-10-24,Opp-9,Home,Cloudy,Good,W,3
1610,2023-10-31,Opp-1,Away,Cloudy,Poor,L,3
1611,2023-11-07,Opp-3,Away,Clear,Good,W,3
1612,2023-11-14,Opp-1,Home,Clear,Good,L,3
1613,2023-11-21,Opp-8,Home,Clear,Average,L,3
1614,2023-11-28,Opp-4,Away,Cloudy,Good,W,3
1615,2023-12-05,Opp-10,Home,Rain,Good,W,3
1616,2023-12-12,Opp-9,Away,Clear,Average,L,3
1617,2023-12-19,Opp-6,Away,Rain,Average,L,3
1618,2023-12-26,Opp-5,Home,Clear,Good,W,3
1619,2024-01-02,Opp-7,Home,Cloudy,Good,L,3
1620,2024-01-09,Opp-10,Home,Clear,Average,L,3
1621,2024-01-16,Opp-6,Away,Rain,Good,L,3
1622,2024-01-23,Opp-1,Away,Clear,Good,D,3
1623,2024-01-30,Opp-4,Home,Cloudy,Average,W,3
1624,2024-02-06,Opp-1,Away,Cloudy,Good,W,3
1625,2024-02-13,Opp-6,Home,Clear,Good,D,3
1626,2024-02-20,Opp-2,Home,Clear,Good,L,3
1627,2024-02-27,Opp-9,Home,Clear,Good,D,3
1628,2024-03-05,Opp-5,Away,Clear,Good,L,3
1629,2024-03-12,Opp-8,Home,Hot,Good,L,3
1630,2024-03-19,Opp-8,Away,Rain,Poor,W,3
1631,2024-03-26,Opp-9,Home,Clear,Good,D,3
1632,2024-04-02,Opp-8,Away,Cloudy,Good,W,3
1633,2024-04-09,Opp-6,Away,Hot,Good,W,3
1634,2024-04-16,Opp-2,Away,Hot,Good,L,3
1635,2023-08-01,Opp-5,Home,Clear,Average,W,4
1636,2023-08-08,Opp-6,Home,Hot,Average,D,4
1637,2023-08-15,Opp-7,Away,Cloudy,Good,W,4
1638,2023-08-22,Opp-1,Home,Clear,Good,D,4
1639,2023-08-29,Opp-2,Home,Clear,Good,W,4
1640,2023-09-05,Opp-3,Home,Rain,Good,D,4
1641,2023-09-12,Opp-8,Home,Cloudy,Good,W,4
1642,2023-09-19,Opp-6,Away,Cloudy,Average,L,4
1643,2023-09-26,Opp-9,Home,Cloudy,Good,W,4
1644,2023-10-03,Opp-8,Home,Cloudy,Average,L,4
1645,2023-10-10,Opp-3,Home,Rain,Good,W,4
1646,2023-10-17,Opp-3,Home,Clear,Good,L,4
1647,2023-10-24,Opp-7,Away,Cloudy,Good,L,4
1648,2023-10-31,Opp-8,Away,Hot,Poor,L,4
1649,2023-11-07,Opp-5,Home,Rain,Good,W,4
1650,2023-11-14,Opp-5,Away,Clear,Good,D,4
1651,2023-11-21,Opp-9,Away,Cloudy,Good,W,4
1652,2023-11-28,Opp-5,Home,Hot,Good,L,4
1653,2023-12-05,Opp-3,Home,Cloudy,Good,W,4
1654,2023-12-12,Opp-10,Home,Cloudy,Good,W,4
1655,2023-12-19,Opp-9,Home,Rain,Poor,W,4
1656,2023-12-26,Opp-2,Home,Hot,Average,L,4
1657,2024-01-02,Opp-9,Home,Cloudy,Good,L,4
1658,2024-01-09,Opp-1,Away,Rain,Average,L,4
1659,2024-01-16,Opp-6,Home,Cold,Poor,W,4
1660,2024-01-23,Opp-10,Away,Rain,Good,W,4
1661,2024-01-30,Opp-4,Home,Cloudy,Average,D,4
1662,2024-02-06,Opp-10,Home,Hot,Average,W,4
1663,2024-02-13,Opp-9,Away,Clear,Poor,D,4
1664,2024-02-20,Opp-7,Away,Clear,Good,D,4
1665,2024-02-27,Opp-2,Away,Rain,Good,W,4
1666,2024-03-05,Opp-6,Away,Hot,Average,W,4
1667,2024-03-12,Opp-6,Home,Rain,Good,W,4
1668,2024-03-19,Opp-10,Home,Clear,Poor,W,4
1669,2024-03-26,Opp-5,Away,Cloudy,Good,W,4
1670,2024-04-02,Opp-1,Home,Cloudy,Good,L,4
1671,2024-04-09,Opp-1,Away,Cold,Good,L,4
1672,2024-04-16,Opp-9,Home,Hot,Average,D,4
1673,2023-08-01,Opp-8,Home,Clear,Good,L,5
1674,2023-08-08,Opp-6,Away,Clear,Good,L,5
1675,2023-08-15,Opp-9,Home,Rain,Poor,W,5
1676,2023-08-22,Opp-8,Home,Clear,Good,D,5
1677,2023-08-29,Opp-1,Away,Clear,Average,W,5
1678,2023-09-05,Opp-3,Away,Rain,Average,W,5
1679,2023-09-12,Opp-7,Away,Hot,Poor,L,5
1680,2023-09-19,Opp-1,Home,Cloudy,Good,W,5
1681,2023-09-26,Opp-5,Home,Hot,Good,D,5
1682,2023-10-03,Opp-3,Away,Cloudy,Good,W,5
1683,2023-10-10,Opp-3,Away,Rain,Average,W,5
1684,2023-10-17,Opp-9,Home,Clear,Average,W,5
1685,2023-10-24,Opp-5,Away,Hot,Average,D,5
1686,2023-10-31,Opp-2,Home,Hot,Average,W,5
1687,2023-11-07,Opp-9,Away,Cloudy,Good,W,5
1688,2023-11-14,Opp-9,Home,Clear,Poor,W,5
1689,2023-11-21,Opp-7,Away,Clear,Good,L,5
1690,2023-11-28,Opp-7,Away,Clear,Good,L,5
1691,2023-12-05,Opp-4,Away,Clear,Good,D,5
1692,2023-12-12,Opp-6,Home,Cloudy,Average,W,5
1693,2023-12-19,Opp-9,Home,Clear,Average,L,5
1694,2023-12-26,Opp-4,Away,Clear,Good,D,5
1695,2024-01-02,Opp-2,Away,Rain,Good,W,5
1696,2024-01-09,Opp-4,Home,Rain,Average,L,5
1697,2024-01-16,Opp-2,Home,Clear,Good,D,5
1698,2024-01-23,Opp-9,Home,Clear,Average,W,5
1699,2024-01-30,Opp-7,Away,Rain,Good,W,5
1700,2024-02-06,Opp-6,Home,Cloudy,Good,D,5
1701,2024-02-13,Opp-9,Home,Cloudy,Average,L,5
1702,2024-02-20,Opp-8,Home,Rain,Good,D,5
1703,2024-02-27,Opp-8,Away,Clear,Good,L,5
1704,2024-03-05,Opp-6,Home,Cloudy,Good,W,5
1705,2024-03-12,Opp-3,Home,Cloudy,Good,D,5
1706,2024-03-19,Opp-8,Home,Hot,Average,W,5
1707,2024-03-26,Opp-10,Home,Rain,Average,L,5
1708,2024-04-02,Opp-10,Away,Cloudy,Good,W,5
1709,2024-04-09,Opp-1,Home,Clear,Good,W,5
1710,2024-04-16,Opp-9,Home,Cloudy,Good,L,5
1711,2023-08-01,Opp-8,Home,Rain,Good,D,6
1712,2023-08-08,Opp-7,Home,Clear,Good,L,6
1713,2023-08-15,Opp-10,Away,Cloudy,Poor,W,6
1714,2023-08-22,Opp-5,Home,Rain,Good,W,6
1715,2023-08-29,Opp-5,Away,Clear,Good,L,6
1716,2023-09-05,Opp-2,Home,Cloudy,Good,W,6
1717,2023-09-12,Opp-3,Away,Cloudy,Average,L,6
1718,2023-09-19,Opp-4,Home,Clear,Good,D,6
1719,2023-09-26,Opp-5,Away,Clear,Good,W,6
1720,2023-10-03,Opp-4,Home,Clear,Average,W,6
1721,2023-10-10,Opp-7,Home,Hot,Good,L,6
1722,2023-10-17,Opp-4,Home,Clear,Poor,D,6
1723,2023-10-24,Opp-9,Away,Hot,Good,L,6
1724,2023-10-31,Opp-2,Home,Cloudy,Good,W,6
1725,2023-11-07,Opp-8,Away,Cold,Poor,W,6
1726,2023-11-14,Opp-4,Home,Clear,Average,W,6
1727,2023-11-21,Opp-4,Away,Clear,Good,L,6
1728,2023-11-28,Opp-7,Home,Cloudy,Good,D,6
1729,2023-12-05,Opp-9,Away,Rain,Good,D,6
1730,2023-12-12,Opp-2,Home,Cloudy,Good,L,6
1731,2023-12-19,Opp-1,Away,Cloudy,Good,D,6
1732,2023-12-26,Opp-6,Away,Hot,Good,L,6
1733,2024-01-02,Opp-9,Home,Clear,Good,L,6
1734,2024-01-09,Opp-4,Away,Hot,Good,W,6
1735,2024-01-16,Opp-10,Away,Hot,Poor,D,6
1736,2024-01-23,Opp-6,Away,Clear,Good,D,6
1737,2024-01-30,Opp-5,Home,Rain,Average,D,6
1738,2024-02-06,Opp-6,Away,Rain,Good,D,6
1739,2024-02-13,Opp-1,Home,Hot,Good,W,6
1740,2024-02-20,Opp-9,Home,Cloudy,Poor,W,6
1741,2024-02-27,Opp-7,Away,Rain,Good,W,6
1742,2024-03-05,Opp-4,Home,Cloudy,Good,L,6
1743,2024-03-12,Opp-10,Away,Rain,Good,L,6
1744,2024-03-19,Opp-9,Away,Clear,Good,W,6
1745,2024-03-26,Opp-7,Away,Clear,Good,W,6
1746,2024-04-02,Opp-8,Away,Hot,Average,W,6
1747,2024-04-09,Opp-7,Away,Clear,Good,W,6
1748,2024-04-16,Opp-1,Home,Clear,Good,W,6
1749,2023-08-01,Opp-2,Home,Cold,Good,W,7
1750,2023-08-08,Opp-7,Away,Clear,Good,L,7
1751,2023-08-15,Opp-9,Home,Clear,Good,W,7
1752,2023-08-22,Opp-5,Away,Clear,Average,W,7
1753,2023-08-29,Opp-2,Away,Clear,Poor,L,7
1754,2023-09-05,Opp-10,Home,Clear,Poor,D,7
1755,2023-09-12,Opp-2,Away,Clear,Good,L,7
1756,2023-09-19,Opp-8,Home,Clear,Good,W,7
1757,2023-09-26,Opp-4,Away,Clear,Average,W,7
1758,2023-10-03,Opp-2,Home,Clear,Average,D,7
1759,2023-10-10,Opp-3,Home,Clear,Average,W,7
1760,2023-10-17,Opp-8,Home,Rain,Good,L,7
1761,2023-10-24,Opp-9,Away,Clear,Average,W,7
1762,2023-10-31,Opp-4,Away,Clear,Average,W,7
1763,2023-11-07,Opp-3,Home,Rain,Good,W,7
1764,2023-11-14,Opp-8,Away,Clear,Good,D,7
1765,2023-11-21,Opp-5,Home,Cloudy,Good,D,7
1766,2023-11-28,Opp-6,Away,Clear,Average,W,7
1767,2023-12-05,Opp-4,Away,Clear,Poor,D,7
1768,2023-12-12,Opp-3,Home,Clear,Average,D,7
1769,2023-12-19,Opp-9,Home,Rain,Good,L,7
1770,2023-12-26,Opp-5,Away,Rain,Good,D,7
1771,2024-01-02,Opp-6,Home,Rain,Good,W,7
1772,2024-01-09,Opp-6,Away,Hot,Good,D,7
1773,2024-01-16,Opp-3,Home,Rain,Good,D,7
1774,2024-01-23,Opp-10,Home,Clear,Good,L,7
1775,2024-01-30,Opp-3,Home,Rain,Average,D,7
1776,2024-02-06,Opp-4,Home,Cold,Good,D,7
1777,2024-02-13,Opp-6,Away,Clear,Good,W,7
1778,2024-02-20,Opp-3,Home,Clear,Good,W,7
1779,2024-02-27,Opp-9,Away,Hot,Average,D,7
1780,2024-03-05,Opp-2,Home,Rain,Good,D,7
1781,2024-03-12,Opp-6,Away,Cloudy,Average,L,7
1782,2024-03-19,Opp-2,Home,Hot,Good,W,7
1783,2024-03-26,Opp-5,Away,Clear,Average,D,7
1784,2024-04-02,Opp-2,Home,Clear,Average,W,7
1785,2024-04-09,Opp-9,Home,Clear,Average,L,7
1786,2024-04-16,Opp-2,Home,Cloudy,Good,W,7
1787,2023-08-01,Opp-10,Away,Clear,Average,W,8
1788,2023-08-08,Opp-4,Home,Cloudy,Good,W,8
1789,2023-08-15,Opp-4,Away,Rain,Good,W,8
1790,2023-08-22,Opp-2,Away,Clear,Good,D,8
1791,2023-08-29,Opp-3,Home,Cloudy,Good,W,8
1792,2023-09-05,Opp-2,Home,Clear,Good,D,8
1793,2023-09-12,Opp-7,Away,Cloudy,Good,W,8
1794,2023-09-19,Opp-7,Home,Rain,Good,W,8
1795,2023-09-26,Opp-8,Home,Clear,Average,D,8
1796,2023-10-03,Opp-10,Home,Cloudy,Good,L,8
1797,2023-10-10,Opp-2,Home,Cloudy,Good,W,8
1798,2023-10-17,Opp-7,Home,Cloudy,Average,L,8
1799,2023-10-24,Opp-7,Home,Cloudy,Good,L,8
1800,2023-10-31,Opp-2,Away,Clear,Good,W,8
1801,2023-11-07,Opp-10,Home,Clear,Poor,L,8
1802,2023-11-14,Opp-2,Away,Clear,Poor,W,8
1803,2023-11-21,Opp-9,Home,Clear,Poor,L,8
1804,2023-11-28,Opp-5,Away,Cloudy,Average,W,8
1805,2023-12-05,Opp-3,Away,Hot,Poor,W,8
1806,2023-12-12,Opp-10,Away,Clear,Average,W,8
1807,2023-12-19,Opp-1,Away,Clear,Average,L,8
1808,2023-12-26,Opp-8,Away,Hot,Good,L,8
1809,2024-01-02,Opp-4,Away,Cloudy,Average,W,8
1810,2024-01-09,Opp-8,Away,Clear,Good,W,8
1811,2024-01-16,Opp-6,Away,Cloudy,Average,D,8
1812,2024-01-23,Opp-9,Away,Rain,Average,D,8
1813,2024-01-30,Opp-7,Away,Cloudy,Good,D,8
1814,2024-02-06,Opp-10,Away,Hot,Average,W,8
1815,2024-02-13,Opp-4,Home,Hot,Good,D,8
1816,2024-02-20,Opp-5,Away,Rain,Poor,W,8
1817,2024-02-27,Opp-7,Away,Clear,Poor,D,8
1818,2024-03-05,Opp-5,Home,Rain,Good,W,8
1819,2024-03-12,Opp-7,Home,Clear,Good,W,8
1820,2024-03-19,Opp-6,Home,Clear,Average,D,8
1821,2024-03-26,Opp-6,Away,Rain,Poor,L,8
1822,2024-04-02,Opp-2,Home,Clear,Good,L,8
1823,2024-04-09,Opp-8,Away,Rain,Good,L,8
1824,2024-04-16,Opp-10,Home,Cloudy,Poor,W,8
1825,2023-08-01,Opp-8,Home,Clear,Good,L,9
1826,2023-08-08,Opp-5,Away,Clear,Good,W,9
1827,2023-08-15,Opp-2,Away,Clear,Poor,W,9
1828,2023-08-22,Opp-10,Home,Rain,Good,D,9
1829,2023-08-29,Opp-7,Home,Rain,Poor,W,9
1830,2023-09-05,Opp-8,Away,Rain,Good,L,9
1831,2023-09-12,Opp-2,Home,Rain,Average,L,9
1832,2023-09-19,Opp-3,Away,Cold,Good,W,9
1833,2023-09-26,Opp-3,Away,Clear,Average,L,9
1834,2023-10-03,Opp-9,Away,Clear,Good,D,9
1835,2023-10-10,Opp-10,Away,Cloudy,Good,L,9
1836,2023-10-17,Opp-3,Home,Cloudy,Average,L,9
1837,2023-10-24,Opp-5,Home,Cold,Good,D,9
1838,2023-10-31,Opp-3,Home,Rain,Average,W,9
1839,2023-11-07,Opp-10,Away,Cloudy,Average,L,9
1840,2023-11-14,Opp-10,Away,Cloudy,Good,W,9
1841,2023-11-21,Opp-10,Away,Cold,Average,L,9
1842,2023-11-28,Opp-1,Home,Clear,Average,W,9
1843,2023-12-05,Opp-9,Home,Hot,Average,W,9
1844,2023-12-12,Opp-4,Away,Cloudy,Good,D,9
1845,2023-12-19,Opp-5,Away,Clear,Average,D,9
1846,2023-12-26,Opp-7,Home,Rain,Average,W,9
1847,2024-01-02,Opp-6,Away,Clear,Good,D,9
1848,2024-01-09,Opp-10,Away,Rain,Poor,D,9
1849,2024-01-16,Opp-10,Away,Clear,Good,W,9
1850,2024-01-23,Opp-9,Home,Rain,Poor,L,9
1851,2024-01-30,Opp-6,Home,Clear,Good,D,9
1852,2024-02-06,Opp-10,Home,Cloudy,Average,W,9
1853,2024-02-13,Opp-4,Away,Clear,Good,L,9
1854,2024-02-20,Opp-5,Home,Hot,Good,W,9
1855,2024-02-27,Opp-1,Away,Hot,Poor,L,9
1856,2024-03-05,Opp-9,Home,Hot,Poor,W,9
1857,2024-03-12,Opp-2,Away,Clear,Average,W,9
1858,2024-03-19,Opp-1,Home,Cloudy,Poor,W,9
1859,2024-03-26,Opp-2,Home,Cloudy,Average,W,9
1860,2024-04-02,Opp-10,Away,Hot,Good,W,9
1861,2024-04-09,Opp-10,Home,Rain,Average,D,9
1862,2024-04-16,Opp-3,Away,Cloudy,Average,D,9
1863,2023-08-01,Opp-3,Home,Cloudy,Good,W,10
1864,2023-08-08,Opp-6,Home,Clear,Good,L,10
1865,2023-08-15,Opp-1,Away,Cold,Good,W,10
1866,2023-08-22,Opp-5,Home,Clear,Average,W,10
1867,2023-08-29,Opp-3,Away,Cloudy,Good,W,10
1868,2023-09-05,Opp-4,Away,Rain,Good,L,10
1869,2023-09-12,Opp-7,Home,Clear,Good,W,10
1870,2023-09-19,Opp-7,Away,Cloudy,Good,W,10
1871,2023-09-26,Opp-7,Away,Clear,Good,L,10
1872,2023-10-03,Opp-6,Away,Clear,Good,D,10
1873,2023-10-10,Opp-2,Home,Rain,Good,W,10
1874,2023-10-17,Opp-8,Home,Hot,Good,W,10
1875,2023-10-24,Opp-9,Home,Rain,Good,W,10
1876,2023-10-31,Opp-4,Away,Clear,Good,W,10
1877,2023-11-07,Opp-10,Away,Cold,Good,L,10
1878,2023-11-14,Opp-8,Away,Cloudy,Poor,L,10
1879,2023-11-21,Opp-2,Away,Rain,Good,D,10
1880,2023-11-28,Opp-8,Away,Cloudy,Good,W,10
1881,2023-12-05,Opp-9,Away,Cloudy,Good,L,10
1882,2023-12-12,Opp-6,Away,Clear,Average,L,10
1883,2023-12-19,Opp-1,Away,Cloudy,Good,D,10
1884,2023-12-26,Opp-10,Away,Cloudy,Average,L,10
1885,2024-01-02,Opp-3,Away,Hot,Good,W,10
1886,2024-01-09,Opp-6,Away,Clear,Poor,W,10
1887,2024-01-16,Opp-8,Home,Clear,Average,L,10
1888,2024-01-23,Opp-8,Away,Rain,Good,L,10
1889,2024-01-30,Opp-6,Away,Hot,Good,D,10
1890,2024-02-06,Opp-1,Home,Hot,Poor,W,10
1891,2024-02-13,Opp-10,Home,Clear,Good,W,10
1892,2024-02-20,Opp-3,Home,Clear,Good,W,10
1893,2024-02-27,Opp-1,Home,Clear,Average,W,10
1894,2024-03-05,Opp-4,Away,Cloudy,Poor,W,10
1895,2024-03-12,Opp-5,Home,Rain,Average,L,10
1896,2024-03-19,Opp-4,Home,Rain,Good,W,10
1897,2024-03-26,Opp-8,Home,Cloudy,Average,W,10
1898,2024-04-02,Opp-4,Away,Cloudy,Good,L,10
1899,2024-04-09,Opp-9,Home,Clear,Good,W,10
1900,2024-04-16,Opp-9,Away,Clear,Average,D,10
1901,2024-08-01,Opp-3,Away,Cloudy,Average,W,1
1902,2024-08-08,Opp-4,Away,Clear,Good,D,1
1903,2024-08-15,Opp-4,Home,Cloudy,Good,L,1
1904,2024-08-22,Opp-2,Away,Cloudy,Average,W,1
1905,2024-08-29,Opp-4,Away,Clear,Good,W,1
1906,2024-09-05,Opp-7,Home,Cloudy,Average,L,1
1907,2024-09-12,Opp-9,Away,Clear,Average,W,1
1908,2024-09-19,Opp-7,Home,Clear,Poor,W,1
1909,2024-09-26,Opp-4,Home,Cloudy,Good,W,1
1910,2024-10-03,Opp-7,Home,Cloudy,Good,D,1
1911,2024-10-10,Opp-1,Away,Clear,Average,L,1
1912,2024-10-17,Opp-10,Away,Clear,Average,D,1
1913,2024-10-24,Opp-10,Home,Cloudy,Average,W,1
1914,2024-10-31,Opp-1,Away,Clear,Good,D,1
1915,2024-11-07,Opp-4,Home,Clear,Good,L,1
1916,2024-11-14,Opp-10,Away,Clear,Good,L,1
1917,2024-11-21,Opp-10,Home,Cold,Good,W,1
1918,2024-11-28,Opp-6,Away,Clear,Average,D,1
1919,2024-12-05,Opp-4,Away,Clear,Good,L,1
1920,2024-12-12,Opp-10,Home,Clear,Good,D,1
1921,2024-12-19,Opp-6,Home,Clear,Good,W,1
1922,2024-12-26,Opp-7,Home,Rain,Average,D,1
1923,2025-01-02,Opp-2,Away,Clear,Good,W,1
1924,2025-01-09,Opp-8,Away,Rain,Poor,W,1
1925,2025-01-16,Opp-8,Away,Clear,Good,W,1
1926,2025-01-23,Opp-2,Away,Rain,Good,D,1
1927,2025-01-30,Opp-7,Away,Cloudy,Good,W,1
1928,2025-02-06,Opp-5,Away,Cloudy,Poor,W,1
1929,2025-02-13,Opp-7,Away,Cloudy,Average,D,1
1930,2025-02-20,Opp-5,Away,Rain,Good,L,1
1931,2025-02-27,Opp-9,Home,Clear,Good,W,1
1932,2025-03-06,Opp-10,Home,Cloudy,Good,L,1
1933,2025-03-13,Opp-10,Away,Rain,Good,W,1
1934,2025-03-20,Opp-3,Home,Hot,Good,W,1
1935,2025-03-27,Opp-3,Home,Clear,Average,L,1
1936,2025-04-03,Opp-3,Away,Clear,Good,L,1
1937,2025-04-10,Opp-8,Away,Cold,Good,D,1
1938,2025-04-17,Opp-5,Away,Rain,Good,W,1
1939,2024-08-01,Opp-6,Away,Clear,Average,L,2
1940,2024-08-08,Opp-2,Away,Hot,Average,L,2
1941,2024-08-15,Opp-3,Home,Rain,Average,L,2
1942,2024-08-22,Opp-9,Home,Clear,Poor,W,2
1943,2024-08-29,Opp-2,Away,Clear,Average,W,2
1944,2024-09-05,Opp-8,Home,Clear,Good,L,2
1945,2024-09-12,Opp-1,Home,Cloudy,Poor,L,2
1946,2024-09-19,Opp-7,Home,Rain,Good,L,2
1947,2024-09-26,Opp-9,Away,Cloudy,Good,L,2
1948,2024-10-03,Opp-6,Away,Hot,Average,W,2
1949,2024-10-10,Opp-7,Home,Cloudy,Good,L,2
1950,2024-10-17,Opp-10,Home,Cloudy,Poor,L,2
1951,2024-10-24,Opp-5,Away,Cold,Poor,W,2
1952,2024-10-31,Opp-5,Away,Hot,Good,W,2
1953,2024-11-07,Opp-6,Away,Rain,Average,W,2
1954,2024-11-14,Opp-1,Away,Rain,Poor,W,2
1955,2024-11-21,Opp-2,Home,Clear,Average,D,2
1956,2024-11-28,Opp-9,Home,Hot,Good,L,2
1957,2024-12-05,Opp-5,Away,Cloudy,Good,L,2
1958,2024-12-12,Opp-7,Home,Rain,Good,W,2
1959,2024-12-19,Opp-8,Away,Clear,Good,D,2
1960,2024-12-26,Opp-4,Home,Cold,Good,D,2
1961,2025-01-02,Opp-7,Home,Clear,Good,D,2
1962,2025-01-09,Opp-4,Away,Clear,Good,L,2
1963,2025-01-16,Opp-1,Away,Cloudy,Good,W,2
1964,2025-01-23,Opp-9,Home,Rain,Good,W,2
1965,2025-01-30,Opp-10,Away,Rain,Good,W,2
1966,2025-02-06,Opp-5,Home,Clear,Average,W,2
1967,2025-02-13,Opp-6,Home,Cloudy,Good,D,2
1968,2025-02-20,Opp-2,Home,Rain,Average,D,2
1969,2025-02-27,Opp-8,Away,Cloudy,Average,D,2
1970,2025-03-06,Opp-6,Away,Rain,Good,W,2
1971,2025-03-13,Opp-2,Home,Hot,Average,W,2
1972,2025-03-20,Opp-4,Away,Cloudy,Poor,L,2
1973,2025-03-27,Opp-6,Away,Hot,Good,D,2
1974,2025-04-03,Opp-6,Away,Hot,Average,W,2
1975,2025-04-10,Opp-3,Home,Clear,Good,W,2
1976,2025-04-17,Opp-5,Away,Cold,Good,W,2
1977,2024-08-01,Opp-10,Home,Clear,Good,W,3
1978,2024-08-08,Opp-7,Home,Cloudy,Average,L,3
1979,2024-08-15,Opp-9,Home,Rain,Average,D,3
1980,2024-08-22,Opp-9,Away,Clear,Poor,W,3
1981,2024-08-29,Opp-3,Home,Rain,Good,D,3
1982,2024-09-05,Opp-4,Away,Clear,Good,D,3
1983,2024-09-12,Opp-4,Away,Cloudy,Good,L,3
1984,2024-09-19,Opp-3,Home,Cold,Poor,W,3
1985,2024-09-26,Opp-4,Home,Cloudy,Good,W,3
1986,2024-10-03,Opp-4,Away,Clear,Good,D,3
1987,2024-10-10,Opp-7,Home,Rain,Good,W,3
1988,2024-10-17,Opp-7,Away,Clear,Average,D,3
1989,2024-10-24,Opp-2,Away,Cloudy,Good,D,3
1990,2024-10-31,Opp-1,Away,Clear,Good,D,3
1991,2024-11-07,Opp-1,Away,Rain,Poor,W,3
1992,2024-11-14,Opp-4,Home,Cold,Poor,L,3
1993,2024-11-21,Opp-10,Away,Rain,Good,D,3
1994,2024-11-28,Opp-6,Home,Cloudy,Average,L,3
1995,2024-12-05,Opp-1,Away,Clear,Good,W,3
1996,2024-12-12,Opp-2,Away,Rain,Good,D,3
1997,2024-12-19,Opp-10,Away,Rain,Poor,L,3
1998,2024-12-26,Opp-1,Home,Clear,Average,W,3
1999,2025-01-02,Opp-4,Home,Rain,Good,W,3
2000,2025-01-09,Opp-4,Home,Cloudy,Good,W,3
2001,2025-01-16,Opp-3,Home,Cloudy,Good,W,3
2002,2025-01-23,Opp-3,Home,Cloudy,Average,D,3
2003,2025-01-30,Opp-10,Away,Clear,Good,L,3
2004,2025-02-06,Opp-3,Away,Cloudy,Good,W,3
2005,2025-02-13,Opp-5,Away,Hot,Average,W,3
2006,2025-02-20,Opp-5,Away,Clear,Average,L,3
2007,2025-02-27,Opp-7,Home,Clear,Good,L,3
2008,2025-03-06,Opp-1,Home,Hot,Good,D,3
2009,2025-03-13,Opp-9,Away,Clear,Good,W,3
2010,2025-03-20,Opp-5,Away,Cloudy,Good,D,3
2011,2025-03-27,Opp-6,Home,Clear,Good,L,3
2012,2025-04-03,Opp-4,Away,Clear,Good,D,3
2013,2025-04-10,Opp-5,Home,Rain,Good,W,3
2014,2025-04-17,Opp-5,Away,Rain,Average,L,3
2015,2024-08-01,Opp-2,Home,Clear,Good,D,4
2016,2024-08-08,Opp-5,Home,Hot,Good,W,4
2017,2024-08-15,Opp-10,Home,Rain,Average,W,4
2018,2024-08-22,Opp-3,Home,Hot,Good,L,4
2019,2024-08-29,Opp-5,Home,Clear,Good,D,4
2020,2024-09-05,Opp-8,Home,Cloudy,Poor,L,4
2021,2024-09-12,Opp-9,Away,Hot,Good,W,4
2022,2024-09-19,Opp-2,Home,Cold,Good,L,4
2023,2024-09-26,Opp-7,Away,Clear,Good,L,4
2024,2024-10-03,Opp-3,Home,Rain,Good,L,4
2025,2024-10-10,Opp-10,Away,Cloudy,Poor,L,4
2026,2024-10-17,Opp-6,Away,Clear,Average,W,4
2027,2024-10-24,Opp-9,Home,Rain,Good,W,4
2028,2024-10-31,Opp-8,Away,Rain,Average,W,4
2029,2024-11-07,Opp-6,Home,Rain,Good,W,4
2030,2024-11-14,Opp-3,Home,Cold,Good,L,4
2031,2024-11-21,Opp-5,Away,Cloudy,Good,L,4
2032,2024-11-28,Opp-7,Home,Cloudy,Good,L,4
2033,2024-12-05,Opp-3,Away,Rain,Poor,D,4
2034,2024-12-12,Opp-10,Home,Clear,Good,D,4
2035,2024-12-19,Opp-10,Away,Cloudy,Good,W,4
2036,2024-12-26,Opp-4,Home,Cloudy,Poor,L,4
2037,2025-01-02,Opp-2,Home,Clear,Good,D,4
2038,2025-01-09,Opp-3,Away,Hot,Good,D,4
2039,2025-01-16,Opp-6,Home,Cold,Good,L,4
2040,2025-01-23,Opp-8,Away,Cloudy,Average,W,4
2041,2025-01-30,Opp-1,Away,Clear,Good,W,4
2042,2025-02-06,Opp-3,Home,Cloudy,Good,L,4
2043,2025-02-13,Opp-6,Home,Clear,Average,D,4
2044,2025-02-20,Opp-3,Home,Clear,Average,W,4
2045,2025-02-27,Opp-5,Home,Clear,Good,W,4
2046,2025-03-06,Opp-2,Away,Clear,Good,W,4
2047,2025-03-13,Opp-4,Away,Hot,Average,L,4
2048,2025-03-20,Opp-2,Home,Cloudy,Average,L,4
2049,2025-03-27,Opp-4,Home,Cloudy,Good,L,4
2050,2025-04-03,Opp-8,Away,Clear,Good,D,4
2051,2025-04-10,Opp-8,Home,Cloudy,Good,W,4
2052,2025-04-17,Opp-8,Away,Rain,Good,W,4
2053,2024-08-01,Opp-1,Away,Clear,Good,D,5
2054,2024-08-08,Opp-10,Home,Cloudy,Average,W,5
2055,2024-08-15,Opp-1,Away,Rain,Average,W,5
2056,2024-08-22,Opp-7,Home,Rain,Good,W,5
2057,2024-08-29,Opp-2,Home,Clear,Good,W,5
2058,2024-09-05,Opp-1,Away,Clear,Average,D,5
2059,2024-09-12,Opp-6,Away,Cloudy,Good,W,5
2060,2024-09-19,Opp-8,Home,Cloudy,Average,W,5
2061,2024-09-26,Opp-3,Home,Cloudy,Average,D,5
2062,2024-10-03,Opp-5,Away,Cloudy,Good,W,5
2063,2024-10-10,Opp-3,Away,Cloudy,Average,W,5
2064,2024-10-17,Opp-5,Away,Clear,Poor,D,5
2065,2024-10-24,Opp-4,Home,Rain,Good,W,5
2066,2024-10-31,Opp-10,Away,Cloudy,Good,D,5
2067,2024-11-07,Opp-5,Home,Clear,Average,D,5
2068,2024-11-14,Opp-3,Home,Cloudy,Good,L,5
2069,2024-11-21,Opp-3,Away,Cloudy,Good,W,5
2070,2024-11-28,Opp-10,Home,Clear,Good,W,5
2071,2024-12-05,Opp-2,Home,Clear,Good,D,5
2072,2024-12-12,Opp-1,Home,Hot,Good,W,5
2073,2024-12-19,Opp-3,Home,Clear,Good,L,5
2074,2024-12-26,Opp-6,Away,Rain,Good,L,5
2075,2025-01-02,Opp-9,Home,Hot,Good,W,5
2076,2025-01-09,Opp-7,Home,Cold,Average,L,5
2077,2025-01-16,Opp-7,Home,Clear,Average,W,5
2078,2025-01-23,Opp-6,Away,Cloudy,Average,L,5
2079,2025-01-30,Opp-5,Home,Cloudy,Average,W,5
2080,2025-02-06,Opp-1,Home,Clear,Average,W,5
2081,2025-02-13,Opp-6,Home,Rain,Poor,W,5
2082,2025-02-20,Opp-6,Home,Rain,Average,D,5
2083,2025-02-27,Opp-7,Away,Clear,Average,D,5
2084,2025-03-06,Opp-7,Home,Cloudy,Average,W,5
2085,2025-03-13,Opp-3,Away,Cloudy,Average,L,5
2086,2025-03-20,Opp-10,Home,Hot,Good,D,5
2087,2025-03-27,Opp-3,Away,Clear,Good,W,5
2088,2025-04-03,Opp-6,Away,Clear,Good,L,5
2089,2025-04-10,Opp-4,Away,Clear,Average,L,5
2090,2025-04-17,Opp-5,Home,Clear,Good,D,5
2091,2024-08-01,Opp-7,Away,Cloudy,Poor,W,6
2092,2024-08-08,Opp-8,Away,Clear,Good,D,6
2093,2024-08-15,Opp-7,Away,Clear,Average,L,6
2094,2024-08-22,Opp-2,Home,Clear,Average,L,6
2095,2024-08-29,Opp-8,Away,Rain,Good,D,6
2096,2024-09-05,Opp-5,Away,Hot,Average,W,6
2097,2024-09-12,Opp-1,Home,Rain,Good,W,6
2098,2024-09-19,Opp-7,Away,Clear,Good,L,6
2099,2024-09-26,Opp-4,Home,Cloudy,Average,D,6
2100,2024-10-03,Opp-10,Away,Clear,Average,W,6
2101,2024-10-10,Opp-8,Home,Clear,Average,W,6
2102,2024-10-17,Opp-8,Away,Rain,Poor,D,6
2103,2024-10-24,Opp-9,Away,Clear,Average,D,6
2104,2024-10-31,Opp-7,Away,Clear,Good,D,6
2105,2024-11-07,Opp-8,Home,Rain,Good,L,6
2106,2024-11-14,Opp-8,Away,Cold,Good,L,6
2107,2024-11-21,Opp-9,Away,Clear,Average,W,6
2108,2024-11-28,Opp-2,Away,Cloudy,Average,W,6
2109,2024-12-05,Opp-2,Away,Clear,Good,W,6
2110,2024-12-12,Opp-7,Away,Rain,Average,W,6
2111,2024-12-19,Opp-2,Home,Clear,Average,L,6
2112,2024-12-26,Opp-2,Home,Cold,Good,W,6
2113,2025-01-02,Opp-6,Away,Cloudy,Good,W,6
2114,2025-01-09,Opp-8,Away,Clear,Average,D,6
2115,2025-01-16,Opp-4,Away,Cloudy,Good,W,6
2116,2025-01-23,Opp-6,Home,Clear,Good,W,6
2117,2025-01-30,Opp-9,Home,Cloudy,Poor,D,6
2118,2025-02-06,Opp-2,Home,Rain,Good,D,6
2119,2025-02-13,Opp-2,Home,Clear,Good,D,6
2120,2025-02-20,Opp-2,Away,Cold,Poor,L,6
2121,2025-02-27,Opp-6,Away,Cloudy,Good,W,6
2122,2025-03-06,Opp-7,Away,Cloudy,Average,D,6
2123,2025-03-13,Opp-2,Away,Cloudy,Good,W,6
2124,2025-03-20,Opp-6,Home,Clear,Average,L,6
2125,2025-03-27,Opp-2,Home,Rain,Good,W,6
2126,2025-04-03,Opp-3,Away,Cloudy,Good,D,6
2127,2025-04-10,Opp-2,Home,Cloudy,Poor,W,6
2128,2025-04-17,Opp-9,Away,Rain,Average,L,6
2129,2024-08-01,Opp-7,Home,Rain,Average,L,7
2130,2024-08-08,Opp-6,Home,Hot,Good,L,7
2131,2024-08-15,Opp-9,Home,Clear,Poor,L,7
2132,2024-08-22,Opp-2,Away,Cloudy,Average,W,7
2133,2024-08-29,Opp-3,Away,Clear,Poor,L,7
2134,2024-09-05,Opp-7,Home,Cloudy,Good,W,7
2135,2024-09-12,Opp-9,Home,Cloudy,Good,W,7
2136,2024-09-19,Opp-5,Away,Rain,Good,L,7
2137,2024-09-26,Opp-5,Away,Cloudy,Good,W,7
2138,2024-10-03,Opp-5,Away,Cloudy,Average,D,7
2139,2024-10-10,Opp-9,Away,Clear,Poor,W,7
2140,2024-10-17,Opp-10,Away,Cloudy,Average,D,7
2141,2024-10-24,Opp-2,Home,Cloudy,Average,L,7
2142,2024-10-31,Opp-4,Away,Clear,Poor,W,7
2143,2024-11-07,Opp-9,Away,Cloudy,Good,D,7
2144,2024-11-14,Opp-9,Home,Clear,Good,W,7
2145,2024-11-21,Opp-3,Away,Hot,Average,L,7
2146,2024-11-28,Opp-3,Home,Cloudy,Average,D,7
2147,2024-12-05,Opp-8,Home,Clear,Good,D,7
2148,2024-12-12,Opp-2,Home,Rain,Good,D,7
2149,2024-12-19,Opp-1,Home,Cloudy,Good,W,7
2150,2024-12-26,Opp-10,Home,Cloudy,Good,L,7
2151,2025-01-02,Opp-6,Away,Clear,Good,W,7
2152,2025-01-09,Opp-9,Away,Cold,Good,L,7
2153,2025-01-16,Opp-5,Home,Cloudy,Average,L,7
2154,2025-01-23,Opp-4,Away,Cloudy,Good,W,7
2155,2025-01-30,Opp-6,Away,Cloudy,Average,D,7
2156,2025-02-06,Opp-4,Away,Rain,Good,L,7
2157,2025-02-13,Opp-8,Home,Rain,Good,D,7
2158,2025-02-20,Opp-8,Home,Clear,Good,D,7
2159,2025-02-27,Opp-2,Home,Rain,Poor,W,7
2160,2025-03-06,Opp-9,Home,Clear,Poor,L,7
2161,2025-03-13,Opp-3,Away,Cloudy,Good,W,7
2162,2025-03-20,Opp-3,Away,Rain,Average,W,7
2163,2025-03-27,Opp-4,Home,Hot,Good,D,7
2164,2025-04-03,Opp-5,Away,Cloudy,Good,L,7
2165,2025-04-10,Opp-2,Away,Clear,Average,L,7
2166,2025-04-17,Opp-10,Home,Clear,Good,L,7
2167,2024-08-01,Opp-6,Away,Hot,Average,W,8
2168,2024-08-08,Opp-3,Home,Cold,Good,D,8
2169,2024-08-15,Opp-4,Away,Clear,Average,L,8
2170,2024-08-22,Opp-3,Away,Clear,Average,W,8
2171,2024-08-29,Opp-2,Away,Rain,Good,W,8
2172,2024-09-05,Opp-6,Home,Cloudy,Good,W,8
2173,2024-09-12,Opp-6,Home,Clear,Average,L,8
2174,2024-09-19,Opp-10,Away,Cloudy,Good,W,8
2175,2024-09-26,Opp-9,Away,Hot,Average,L,8
2176,2024-10-03,Opp-10,Home,Clear,Good,D,8
2177,2024-10-10,Opp-2,Away,Hot,Good,L,8
2178,2024-10-17,Opp-5,Away,Rain,Average,D,8
2179,2024-10-24,Opp-1,Home,Hot,Good,W,8
2180,2024-10-31,Opp-7,Home,Clear,Good,W,8
2181,2024-11-07,Opp-4,Away,Rain,Average,D,8
2182,2024-11-14,Opp-10,Away,Cloudy,Good,L,8
2183,2024-11-21,Opp-5,Home,Cloudy,Average,D,8
2184,2024-11-28,Opp-4,Away,Clear,Good,L,8
2185,2024-12-05,Opp-3,Home,Clear,Good,W,8
2186,2024-12-12,Opp-6,Away,Cloudy,Good,W,8
2187,2024-12-19,Opp-6,Away,Clear,Good,D,8
2188,2024-12-26,Opp-1,Home,Cold,Good,W,8
2189,2025-01-02,Opp-6,Away,Clear,Average,D,8
2190,2025-01-09,Opp-3,Away,Clear,Good,W,8
2191,2025-01-16,Opp-10,Away,Clear,Average,W,8
2192,2025-01-23,Opp-8,Home,Cloudy,Average,W,8
2193,2025-01-30,Opp-6,Away,Cloudy,Good,W,8
2194,2025-02-06,Opp-5,Away,Clear,Poor,W,8
2195,2025-02-13,Opp-6,Away,Clear,Good,W,8
2196,2025-02-20,Opp-4,Away,Cold,Good,W,8
2197,2025-02-27,Opp-4,Home,Clear,Good,W,8
2198,2025-03-06,Opp-6,Away,Cloudy,Good,W,8
2199,2025-03-13,Opp-2,Away,Cloudy,Good,W,8
2200,2025-03-20,Opp-3,Home,Clear,Good,W,8
2201,2025-03-27,Opp-1,Home,Cloudy,Good,D,8
2202,2025-04-03,Opp-7,Away,Cloudy,Good,W,8
2203,2025-04-10,Opp-7,Away,Cloudy,Good,W,8
2204,2025-04-17,Opp-8,Away,Rain,Good,L,8
2205,2024-08-01,Opp-8,Home,Clear,Good,D,9
2206,2024-08-08,Opp-9,Away,Clear,Poor,D,9
2207,2024-08-15,Opp-5,Away,Rain,Good,W,9
2208,2024-08-22,Opp-4,Away,Hot,Average,L,9
2209,2024-08-29,Opp-1,Home,Clear,Good,L,9
2210,2024-09-05,Opp-3,Home,Cloudy,Good,L,9
2211,2024-09-12,Opp-2,Home,Hot,Good,W,9
2212,2024-09-19,Opp-5,Away,Clear,Good,L,9
2213,2024-09-26,Opp-7,Away,Cloudy,Average,L,9
2214,2024-10-03,Opp-6,Home,Cloudy,Good,W,9
2215,2024-10-10,Opp-9,Away,Cloudy,Good,D,9
2216,2024-10-17,Opp-6,Away,Rain,Average,L,9
2217,2024-10-24,Opp-5,Away,Cloudy,Good,W,9
2218,2024-10-31,Opp-4,Home,Clear,Good,L,9
2219,2024-11-07,Opp-7,Away,Clear,Average,L,9
2220,2024-11-14,Opp-5,Home,Clear,Good,W,9
2221,2024-11-21,Opp-9,Away,Clear,Good,L,9
2222,2024-11-28,Opp-2,Home,Hot,Good,W,9
2223,2024-12-05,Opp-6,Home,Clear,Good,W,9
2224,2024-12-12,Opp-8,Away,Cloudy,Good,D,9
2225,2024-12-19,Opp-5,Home,Rain,Good,W,9
2226,2024-12-26,Opp-7,Away,Cloudy,Poor,L,9
2227,2025-01-02,Opp-1,Away,Hot,Average,W,9
2228,2025-01-09,Opp-6,Home,Cloudy,Good,W,9
2229,2025-01-16,Opp-2,Home,Clear,Good,L,9
2230,2025-01-23,Opp-6,Home,Hot,Good,W,9
2231,2025-01-30,Opp-3,Away,Cloudy,Good,W,9
2232,2025-02-06,Opp-4,Away,Clear,Good,L,9
2233,2025-02-13,Opp-10,Home,Cold,Good,L,9
2234,2025-02-20,Opp-10,Home,Clear,Average,L,9
2235,2025-02-27,Opp-9,Home,Clear,Good,D,9
2236,2025-03-06,Opp-4,Home,Clear,Good,L,9
2237,2025-03-13,Opp-7,Away,Cloudy,Poor,D,9
2238,2025-03-20,Opp-10,Away,Cloudy,Average,W,9
2239,2025-03-27,Opp-2,Home,Clear,Good,W,9
2240,2025-04-03,Opp-1,Home,Clear,Good,W,9
2241,2025-04-10,Opp-3,Away,Cloudy,Average,L,9
2242,2025-04-17,Opp-7,Away,Cold,Good,W,9
2243,2024-08-01,Opp-1,Home,Cloudy,Poor,D,10
2244,2024-08-08,Opp-10,Away,Cloudy,Good,W,10
2245,2024-08-15,Opp-3,Away,Clear,Good,L,10
2246,2024-08-22,Opp-9,Home,Clear,Good,L,10
2247,2024-08-29,Opp-9,Home,Cloudy,Average,D,10
2248,2024-09-05,Opp-8,Away,Cloudy,Average,W,10
2249,2024-09-12,Opp-2,Away,Cloudy,Average,D,10
2250,2024-09-19,Opp-8,Away,Clear,Good,D,10
2251,2024-09-26,Opp-3,Home,Rain,Good,W,10
2252,2024-10-03,Opp-4,Home,Clear,Poor,L,10
2253,2024-10-10,Opp-9,Home,Cold,Good,W,10
2254,2024-10-17,Opp-2,Home,Clear,Average,L,10
2255,2024-10-24,Opp-10,Away,Clear,Average,L,10
2256,2024-10-31,Opp-1,Home,Cloudy,Good,W,10
2257,2024-11-07,Opp-10,Away,Clear,Good,L,10
2258,2024-11-14,Opp-3,Away,Clear,Average,L,10
2259,2024-11-21,Opp-1,Home,Clear,Average,W,10
2260,2024-11-28,Opp-7,Away,Clear,Good,W,10
2261,2024-12-05,Opp-5,Away,Cold,Poor,W,10
2262,2024-12-12,Opp-8,Away,Clear,Good,W,10
2263,2024-12-19,Opp-4,Away,Hot,Average,L,10
2264,2024-12-26,Opp-1,Away,Rain,Good,W,10
2265,2025-01-02,Opp-6,Home,Clear,Good,W,10
2266,2025-01-09,Opp-4,Away,Rain,Good,L,10
2267,2025-01-16,Opp-3,Home,Clear,Good,W,10
2268,2025-01-23,Opp-2,Away,Rain,Good,W,10
2269,2025-01-30,Opp-3,Away,Rain,Good,W,10
2270,2025-02-06,Opp-3,Home,Clear,Good,W,10
2271,2025-02-13,Opp-6,Away,Hot,Poor,W,10
2272,2025-02-20,Opp-6,Home,Hot,Poor,L,10
2273,2025-02-27,Opp-9,Home,Clear,Average,W,10
2274,2025-03-06,Opp-4,Away,Clear,Average,W,10
2275,2025-03-13,Opp-1,Home,Clear,Good,W,10
2276,2025-03-20,Opp-3,Away,Rain,Good,L,10
2277,2025-03-27,Opp-10,Home,Rain,Average,W,10
2278,2025-04-03,Opp-2,Home,Clear,Average,L,10
2279,2025-04-10,Opp-1,Away,Clear,Good,L,10
2280,2025-04-17,Opp-9,Home,Clear,Good,L,10
